Date,Name,Type,Crop,Direction,Class,Pyf,Pys,Bel,Dyso,Ecc,CS,Lpoma,Pha,Pd,Pp,Unid,Poly,Can,Gob,Mal
25-01-2012,PN5,C,20,Below,0,3,1,0,0,0,0,0,0,1,0,2,0,0,0,0
25-01-2012,PN5,C,20,S,1,0,0,0,0,0,0,0,0,0,0,0,0,0,0,0
25-01-2012,PN5,C,20,S,2,0,0,0,0,0,0,0,0,0,0,0,0,0,0,0
25-01-2012,PN5,C,20,S,3,0,0,0,0,0,0,0,0,0,0,0,0,0,0,0
25-01-2012,PN5,C,20,S,4,0,0,0,0,0,0,0,0,0,0,0,0,0,0,0
25-01-2012,PN5,C,20,E,1,0,0,0,0,0,0,0,0,0,0,0,0,0,0,0
25-01-2012,PN5,C,20,E,2,0,0,0,0,0,0,0,0,0,0,0,0,0,0,0
25-01-2012,PN5,C,20,E,3,0,0,0,0,0,0,0,0,0,0,0,0,0,0,0
25-01-2012,PN5,C,20,E,4,0,0,0,0,0,0,0,0,0,0,0,0,0,0,0
25-01-2012,PN5,C,20,W,1,0,0,0,0,0,0,0,0,0,0,0,0,0,0,0
25-01-2012,PN5,C,20,W,2,0,0,0,0,0,0,0,0,0,0,0,0,0,0,0
25-01-2012,PN5,C,20,W,3,0,0,0,0,0,0,0,0,0,0,0,0,0,0,0
25-01-2012,PN5,C,20,W,4,0,0,0,0,0,0,0,0,0,0,0,0,0,0,0
25-01-2012,PN4,C,200,Below,0,59,140,0,0,1,13,0,0,1,0,0,0,0,0,0
25-01-2012,PN4,C,200,N,1,0,10,0,0,0,2,0,1,0,0,0,0,0,0,0
25-01-2012,PN4,C,200,N,2,0,1,0,0,0,0,0,0,0,0,0,0,0,0,0
25-01-2012,PN4,C,200,N,3,0,1,1,0,0,0,1,0,1,0,0,0,0,0,0
25-01-2012,PN4,C,200,N,4,0,0,0,0,0,0,0,1,0,0,0,0,0,0,0
25-01-2012,PN4,C,200,S,1,0,2,0,0,0,0,0,0,0,0,0,0,0,0,0
25-01-2012,PN4,C,200,S,2,0,7,0,0,0,0,0,0,0,0,0,0,0,0,0
25-01-2012,PN4,C,200,S,3,0,1,0,0,0,0,0,0,0,0,0,0,0,0,0
25-01-2012,PN4,C,200,S,4,0,0,0,0,0,0,0,0,0,0,0,0,0,0,0
25-01-2012,PN4,C,200,E,1,0,1,1,0,0,0,1,0,0,0,0,0,0,0,0
25-01-2012,PN4,C,200,E,2,0,0,0,0,0,0,0,0,0,0,0,0,0,0,0
25-01-2012,PN4,C,200,E,3,0,0,0,0,0,2,0,0,0,0,0,0,0,0,0
25-01-2012,PN4,C,200,E,4,0,0,0,0,0,0,0,0,0,0,0,0,0,0,0
25-01-2012,PN4,C,200,W,1,0,2,0,0,0,0,0,0,0,0,0,0,0,0,0
25-01-2012,PN4,C,200,W,2,0,1,0,0,0,0,0,0,0,0,0,0,0,0,0
25-01-2012,PN4,C,200,W,3,0,3,0,0,0,0,0,0,0,0,0,0,0,0,0
25-01-2012,PN4,C,200,W,4,0,0,0,0,0,0,0,0,0,0,0,0,0,0,0
26-01-2012,BEL1,D,150,Below,0,0,0,0,0,0,0,0,0,0,0,0,0,0,0,0
26-01-2012,BEL1,D,150,N,1,0,0,0,0,0,0,0,0,0,0,0,0,0,0,0
26-01-2012,BEL1,D,150,N,2,0,0,0,0,0,0,0,10,0,0,0,0,0,0,0
26-01-2012,BEL1,D,150,N,3,0,0,0,0,0,0,1,0,0,0,0,0,0,0,0
26-01-2012,BEL1,D,150,N,4,0,1,0,0,0,0,0,0,0,0,0,0,0,0,0
26-01-2012,BEL1,D,150,S,1,0,1,0,0,0,0,0,0,0,0,0,0,0,0,0
26-01-2012,BEL1,D,150,S,2,0,0,0,0,0,0,0,0,0,0,0,0,0,0,0
26-01-2012,BEL1,D,150,S,3,0,0,0,0,0,0,0,0,0,0,0,0,0,0,0
26-01-2012,BEL1,D,150,S,4,0,0,0,0,0,0,0,0,0,0,0,0,0,0,0
26-01-2012,BEL1,D,150,E,1,0,0,0,0,0,0,0,0,0,0,0,0,0,0,0
26-01-2012,BEL1,D,150,E,2,0,0,0,0,0,0,0,0,0,0,0,0,0,0,0
26-01-2012,BEL1,D,150,E,3,0,0,0,0,0,0,0,0,0,0,0,0,0,0,0
26-01-2012,BEL1,D,150,E,4,0,1,0,0,0,0,0,0,0,0,0,0,0,0,0
26-01-2012,BEL1,D,150,W,1,0,0,0,0,0,0,0,0,0,0,0,0,0,0,0
26-01-2012,BEL1,D,150,W,2,0,1,0,0,0,0,0,0,0,0,0,0,0,0,0
26-01-2012,BEL1,D,150,W,3,0,0,0,0,0,0,0,0,0,0,0,0,0,0,0
26-01-2012,BEL1,D,150,W,4,0,0,0,0,0,0,0,0,0,0,0,0,0,0,0
26-01-2012,PN7,C,100,Below,0,9,9,0,0,0,0,0,0,0,0,0,0,0,0,0
26-01-2012,PN7,C,100,N,1,0,1,0,0,0,0,0,0,0,0,0,0,0,0,0
26-01-2012,PN7,C,100,N,2,0,0,0,0,0,0,0,0,0,0,0,0,0,0,0
26-01-2012,PN7,C,100,N,3,0,0,0,0,0,0,0,0,0,0,0,0,0,0,0
26-01-2012,PN7,C,100,N,4,0,0,0,0,0,0,0,0,0,0,0,0,0,0,0
26-01-2012,PN7,C,100,S,1,0,0,0,0,0,0,0,0,0,0,0,0,0,0,0
26-01-2012,PN7,C,100,S,2,0,0,0,0,0,0,0,0,0,0,0,0,0,0,0
26-01-2012,PN7,C,100,S,3,0,1,0,0,0,0,0,0,0,0,0,0,0,0,0
26-01-2012,PN7,C,100,S,4,0,0,0,0,0,0,0,0,0,0,0,0,0,0,0
26-01-2012,PN7,C,100,E,1,0,0,0,0,0,0,0,0,0,0,0,0,0,0,0
26-01-2012,PN7,C,100,E,2,0,0,0,0,0,0,1,0,0,0,0,0,0,0,0
26-01-2012,PN7,C,100,E,3,0,0,0,0,0,0,0,0,0,0,1,0,0,0,0
26-01-2012,PN7,C,100,E,4,0,0,0,0,0,0,0,0,0,0,0,0,0,0,0
26-01-2012,PN7,C,100,W,1,0,1,0,0,0,0,0,0,0,0,0,0,0,0,0
26-01-2012,PN7,C,100,W,2,0,0,0,0,0,0,0,0,0,0,0,0,0,0,0
26-01-2012,PN7,C,100,W,3,0,0,0,0,0,0,0,0,0,0,0,0,0,0,0
26-01-2012,PN7,C,100,W,4,0,1,0,0,0,0,0,0,0,0,0,0,0,0,0
26-01-2012,FS2,F,,Below,0,0,2,0,0,0,0,5,2,1,0,0,0,0,0,0
26-01-2012,FS2,F,,N,1,0,0,0,0,0,0,1,0,0,0,0,0,0,0,0
26-01-2012,FS2,F,,N,2,0,0,0,0,0,0,0,0,0,0,0,0,0,0,0
26-01-2012,FS2,F,,N,3,0,0,0,0,0,0,0,0,0,0,0,0,0,0,0
26-01-2012,FS2,F,,N,4,0,0,0,0,0,0,0,0,0,0,0,0,0,0,0
26-01-2012,FS2,F,,S,1,0,0,0,0,0,0,0,1,0,0,0,0,0,0,0
26-01-2012,FS2,F,,S,2,0,0,0,0,0,0,0,0,0,0,0,0,0,0,0
26-01-2012,FS2,F,,S,3,0,0,0,0,0,0,0,0,0,0,0,0,0,0,0
26-01-2012,FS2,F,,S,4,0,0,0,0,0,0,1,3,0,0,0,0,0,0,0
26-01-2012,FS2,F,,E,1,0,0,0,0,0,0,0,0,0,0,0,0,0,0,0
26-01-2012,FS2,F,,E,2,0,0,0,0,0,0,0,0,0,0,0,0,0,0,0
26-01-2012,FS2,F,,E,3,0,0,0,0,0,0,0,0,0,0,0,0,0,0,0
26-01-2012,FS2,F,,E,4,0,0,0,0,0,0,0,0,0,0,0,0,0,0,0
26-01-2012,FS2,F,,W,1,0,0,0,0,0,0,0,0,0,0,0,0,0,0,0
26-01-2012,FS2,F,,W,2,0,0,0,0,0,0,0,0,0,0,0,0,0,0,0
26-01-2012,FS2,F,,W,3,0,0,0,0,0,0,0,0,0,0,0,0,0,0,0
26-01-2012,FS2,F,,W,4,0,0,0,0,0,0,0,0,0,0,0,0,0,0,0
28-01-2012,PN1,C,100,Below,0,41,47,0,0,0,0,0,1,2,0,0,0,0,0,0
28-01-2012,PN1,C,100,N,1,0,0,0,0,0,0,0,0,0,0,0,0,0,0,0
28-01-2012,PN1,C,100,N,2,0,0,0,0,0,0,0,0,0,0,0,0,0,0,0
28-01-2012,PN1,C,100,N,3,0,0,0,0,0,0,0,0,0,0,0,0,0,0,0
28-01-2012,PN1,C,100,N,4,0,0,0,0,0,0,0,0,0,0,0,0,0,0,0
28-01-2012,PN1,C,100,S,1,0,3,0,0,0,0,0,0,0,0,0,0,0,0,0
28-01-2012,PN1,C,100,S,2,0,0,0,0,0,0,0,0,0,0,0,0,0,0,0
28-01-2012,PN1,C,100,S,3,0,0,0,0,0,0,0,1,0,0,0,0,0,0,0
28-01-2012,PN1,C,100,S,4,0,5,0,0,0,0,0,1,0,0,0,0,0,0,0
28-01-2012,PN1,C,100,E,1,0,8,0,0,0,0,0,0,0,0,0,0,0,0,0
28-01-2012,PN1,C,100,E,2,0,0,0,0,0,0,0,0,0,0,0,0,0,0,0
28-01-2012,PN1,C,100,E,3,0,0,0,0,0,0,0,0,0,0,0,0,0,0,0
28-01-2012,PN1,C,100,E,4,0,0,0,1,0,0,0,0,0,0,0,0,0,0,0
28-01-2012,PN1,C,100,W,1,0,0,0,0,0,0,0,0,0,0,0,0,0,0,0
28-01-2012,PN1,C,100,W,2,0,1,0,0,0,0,0,0,0,0,0,0,0,0,0
28-01-2012,PN1,C,100,W,3,0,4,0,0,0,0,0,0,0,0,0,0,0,0,0
28-01-2012,PN1,C,100,W,4,0,0,0,0,0,0,0,0,0,0,0,0,0,0,0
28-01-2012,PN2,C,200,Below,0,89,45,0,0,0,0,0,0,0,0,0,0,0,0,0
28-01-2012,PN2,C,200,N,1,0,1,0,0,0,0,0,0,0,0,0,0,0,0,0
28-01-2012,PN2,C,200,N,2,0,2,0,0,0,0,0,0,0,1,0,0,0,0,0
28-01-2012,PN2,C,200,N,3,0,0,0,0,0,0,1,0,0,0,0,0,0,0,0
28-01-2012,PN2,C,200,N,4,0,0,0,0,0,0,0,0,0,0,0,0,0,0,0
28-01-2012,PN2,C,200,S,1,0,2,0,0,0,0,0,0,0,0,0,0,0,0,0
28-01-2012,PN2,C,200,S,2,0,1,0,0,0,0,0,0,0,0,0,0,0,0,0
28-01-2012,PN2,C,200,S,3,0,2,0,0,0,0,0,0,0,0,0,0,0,0,0
28-01-2012,PN2,C,200,S,4,0,2,0,0,0,0,1,0,0,0,0,0,0,0,0
28-01-2012,PN2,C,200,E,1,0,1,0,0,0,0,0,0,0,0,0,0,0,0,0
28-01-2012,PN2,C,200,E,2,0,0,0,0,0,0,0,0,0,0,0,0,0,0,0
28-01-2012,PN2,C,200,E,3,0,2,0,0,0,0,0,0,0,0,0,0,0,0,0
28-01-2012,PN2,C,200,E,4,0,0,1,0,0,0,0,0,0,0,0,0,0,0,0
28-01-2012,PN2,C,200,W,1,0,11,0,0,0,0,0,0,0,0,0,0,0,0,0
28-01-2012,PN2,C,200,W,2,0,1,0,0,0,0,0,0,0,0,0,0,0,0,0
28-01-2012,PN2,C,200,W,3,0,1,0,0,0,0,1,0,0,0,0,0,0,0,0
28-01-2012,PN2,C,200,W,4,0,0,0,0,0,0,0,0,0,0,0,0,0,0,0
28-01-2012,AIL2,E,,Below,0,0,1,0,0,1,0,0,0,0,0,0,0,0,0,0
28-01-2012,ES1,E,,Below,0,0,0,0,0,0,0,0,0,0,0,0,0,0,0,0
28-01-2012,PN6,C,100,Below,0,3,11,0,0,0,0,0,0,0,0,0,0,0,0,0
28-01-2012,PN6,C,100,N,1,0,0,0,0,0,0,0,0,0,0,0,0,0,0,0
28-01-2012,PN6,C,100,N,2,0,0,0,0,0,0,0,0,0,0,0,0,0,0,0
28-01-2012,PN6,C,100,N,3,0,0,0,0,0,0,0,0,1,0,0,0,1,0,0
28-01-2012,PN6,C,100,N,4,0,0,0,0,0,0,0,0,0,0,0,0,0,0,0
28-01-2012,PN6,C,100,W,1,0,1,0,0,0,0,0,0,1,0,0,0,0,0,0
28-01-2012,PN6,C,100,W,2,0,16,0,0,0,0,0,0,1,1,0,0,0,0,0
28-01-2012,PN6,C,100,W,3,0,2,0,0,0,0,0,0,1,0,0,0,0,0,0
28-01-2012,PN6,C,100,W,4,0,0,0,0,0,0,0,0,0,0,0,0,0,0,0
28-01-2012,PN8,C,30,Below,0,9,6,0,0,0,0,0,0,0,0,0,0,0,0,0
28-01-2012,PN8,C,30,N,1,0,0,0,0,0,0,0,0,0,0,0,0,0,0,0
28-01-2012,PN8,C,30,N,2,0,0,0,0,0,0,0,0,0,0,0,0,0,0,0
28-01-2012,PN8,C,30,N,3,0,0,0,0,0,0,0,0,0,0,0,0,0,0,0
28-01-2012,PN8,C,30,N,4,0,0,0,0,0,0,0,0,0,0,0,0,0,0,0
28-01-2012,PN8,C,30,S,1,0,0,0,0,0,0,0,0,0,0,0,0,0,0,0
28-01-2012,PN8,C,30,S,2,0,0,0,0,0,0,0,0,0,0,0,0,0,0,0
28-01-2012,PN8,C,30,S,3,0,0,0,0,0,0,0,0,0,0,0,0,0,0,0
28-01-2012,PN8,C,30,S,4,0,0,0,0,0,0,0,0,0,0,0,0,0,0,0
28-01-2012,PN8,C,30,E,1,0,0,0,0,0,0,0,0,0,0,0,0,0,0,0
28-01-2012,PN8,C,30,E,2,0,1,0,0,0,0,0,0,0,0,0,0,0,0,0
28-01-2012,PN8,C,30,E,3,0,0,1,0,0,0,0,0,3,0,0,0,0,0,0
28-01-2012,PN8,C,30,E,4,0,0,0,0,0,0,0,0,0,0,0,0,0,0,0
28-01-2012,PN8,C,30,W,1,0,0,0,0,0,0,0,0,0,0,0,0,0,0,0
28-01-2012,PN8,C,30,W,2,0,0,0,0,0,0,0,0,1,0,0,0,0,0,0
28-01-2012,PN8,C,30,W,3,0,0,0,0,0,0,0,0,1,0,0,0,0,0,0
28-01-2012,PN8,C,30,W,4,0,0,0,0,0,0,0,0,3,0,0,0,0,0,0
29-01-2012,PN9,C,300,Below,0,6,12,0,0,0,0,0,0,0,0,0,0,0,0,0
29-01-2012,PN9,C,300,N,1,0,0,0,0,0,0,0,0,0,0,0,0,0,0,0
29-01-2012,PN9,C,300,N,2,0,0,0,0,0,0,0,0,0,0,0,0,1,0,0
29-01-2012,PN9,C,300,N,3,0,3,0,0,0,0,0,0,0,0,0,0,0,0,0
29-01-2012,PN9,C,300,N,4,0,0,0,0,0,0,0,0,0,0,0,0,0,0,0
29-01-2012,PN9,C,300,S,1,0,0,0,0,0,0,0,0,0,0,0,0,0,0,0
29-01-2012,PN9,C,300,S,2,0,0,0,0,0,0,0,0,0,0,0,0,0,0,0
29-01-2012,PN9,C,300,S,3,0,0,0,0,0,0,0,0,1,2,0,0,0,0,0
29-01-2012,PN9,C,300,S,4,0,0,0,0,0,0,0,0,0,0,0,0,0,0,0
29-01-2012,PN9,C,300,E,1,0,0,1,0,0,0,0,0,0,0,0,0,0,0,0
29-01-2012,PN9,C,300,E,2,0,1,0,0,0,0,0,0,0,0,0,0,0,0,0
29-01-2012,PN9,C,300,E,3,0,1,0,0,0,0,0,0,0,0,0,0,0,0,0
29-01-2012,PN9,C,300,E,4,0,0,0,0,0,0,0,0,0,0,0,0,0,0,0
29-01-2012,PN9,C,300,W,1,0,0,0,0,0,0,0,0,0,0,0,0,0,0,0
29-01-2012,PN9,C,300,W,2,0,0,0,0,0,0,0,0,0,0,0,0,0,0,0
29-01-2012,PN9,C,300,W,3,0,0,0,0,0,0,0,0,0,0,0,0,0,0,0
29-01-2012,PN9,C,300,W,4,0,0,0,0,0,0,0,0,0,0,0,0,0,0,0
29-01-2012,BEL2,D,20,Below,0,0,1,20,0,0,0,0,0,0,0,0,0,0,0,0
29-01-2012,BEL2,D,20,N,1,0,0,0,1,0,0,0,0,0,0,0,0,0,0,0
29-01-2012,BEL2,D,20,N,2,0,0,0,0,0,0,0,0,0,0,0,0,0,0,0
29-01-2012,BEL2,D,20,N,3,0,0,0,0,0,0,0,0,0,0,0,0,0,0,0
29-01-2012,BEL2,D,20,N,4,0,0,0,0,0,0,0,0,0,0,0,0,0,0,0
29-01-2012,BEL2,D,20,S,1,0,1,5,0,0,0,0,0,0,0,0,0,0,0,0
29-01-2012,BEL2,D,20,S,2,0,0,0,0,0,0,0,0,0,0,0,0,0,0,0
29-01-2012,BEL2,D,20,S,3,0,0,0,0,0,0,0,0,0,0,0,0,0,0,0
29-01-2012,BEL2,D,20,S,4,0,0,0,0,0,0,0,0,0,0,0,0,0,0,0
29-01-2012,BEL2,D,20,E,1,0,0,2,0,0,0,0,0,0,0,0,0,0,0,0
29-01-2012,BEL2,D,20,E,2,0,0,1,0,0,0,0,0,0,0,0,0,0,0,0
29-01-2012,BEL2,D,20,E,3,0,0,0,0,0,0,0,0,0,0,0,0,0,0,0
29-01-2012,BEL2,D,20,E,4,0,0,0,0,0,0,0,0,0,0,0,0,0,0,0
29-01-2012,BEL2,D,20,W,1,0,0,0,0,0,0,0,0,0,0,0,0,0,0,0
29-01-2012,BEL2,D,20,W,2,0,0,1,0,0,0,0,0,0,0,0,0,0,0,0
29-01-2012,BEL2,D,20,W,3,0,0,0,0,0,0,0,0,0,0,0,0,0,0,0
29-01-2012,BEL2,D,20,W,4,0,0,0,0,0,0,0,0,0,0,0,0,0,0,0
29-01-2012,AIL1,E,,Below,0,0,0,0,0,0,0,0,0,0,0,0,0,0,0,0
29-01-2012,ES2,E,,Below,0,0,0,0,0,0,0,0,0,0,0,0,0,1,0,0
29-01-2012,FS1,F,,Below,0,0,12,0,0,0,0,0,0,0,0,2,0,0,0,0
29-01-2012,FS1,F,,N,1,0,0,0,0,0,0,0,0,0,0,1,0,0,0,0
29-01-2012,FS1,F,,N,2,0,0,0,0,0,0,0,0,0,0,0,0,0,0,0
29-01-2012,FS1,F,,N,3,0,0,0,0,0,0,0,0,0,0,0,0,0,0,0
29-01-2012,FS1,F,,N,4,0,0,0,0,0,0,0,0,0,0,0,0,0,0,0
29-01-2012,FS1,F,,S,1,0,1,0,0,0,0,0,0,0,0,0,0,0,0,0
29-01-2012,FS1,F,,S,2,0,0,0,0,0,0,0,0,1,0,0,0,0,0,0
29-01-2012,FS1,F,,S,3,0,0,0,0,0,0,0,0,0,0,0,0,0,0,0
29-01-2012,FS1,F,,S,4,0,1,0,0,0,0,0,0,0,0,0,0,0,0,0
29-01-2012,FS1,F,,E,1,0,0,0,0,0,0,0,0,0,0,0,0,0,0,0
29-01-2012,FS1,F,,E,2,0,2,0,0,0,0,0,0,0,0,0,0,0,0,0
29-01-2012,FS1,F,,E,3,0,1,0,0,0,0,0,0,0,0,0,0,0,0,0
29-01-2012,FS1,F,,E,4,0,0,0,0,0,0,0,0,0,0,0,0,0,0,0
29-01-2012,FS1,F,,W,1,0,0,0,0,0,0,0,0,0,0,0,0,0,0,0
29-01-2012,FS1,F,,W,2,0,0,0,0,0,0,0,0,0,0,0,0,0,0,0
29-01-2012,FS1,F,,W,3,0,0,0,0,0,0,0,0,0,0,0,0,0,0,0
29-01-2012,FS1,F,,W,4,0,0,0,0,0,0,0,0,0,0,0,0,0,0,0
29-01-2012,ECC1,D,2000,Below,0,0,0,0,0,2,0,0,0,0,0,0,0,0,0,0
29-01-2012,ECC1,D,2000,N,1,0,0,0,0,0,0,0,0,0,0,0,0,0,0,0
29-01-2012,ECC1,D,2000,N,2,0,0,0,0,0,0,0,0,0,0,0,0,0,0,0
29-01-2012,ECC1,D,2000,N,3,0,0,0,0,0,0,0,0,0,0,0,0,0,0,0
29-01-2012,ECC1,D,2000,N,4,0,0,0,0,0,0,0,0,0,0,0,0,0,0,0
29-01-2012,ECC1,D,2000,S,1,0,0,0,0,0,0,0,0,0,0,0,0,0,0,0
29-01-2012,ECC1,D,2000,S,2,0,0,0,0,0,0,0,0,0,0,0,0,0,0,0
29-01-2012,ECC1,D,2000,S,3,0,0,0,0,0,0,0,0,0,0,0,0,0,0,0
29-01-2012,ECC1,D,2000,S,4,0,0,0,0,0,0,0,0,0,0,0,0,0,0,0
29-01-2012,ECC2,D,200,Below,0,0,1,0,0,1,0,0,0,0,0,0,0,0,0,0
29-01-2012,ECC2,D,200,N,1,0,0,0,0,0,0,0,0,1,0,0,0,0,0,0
29-01-2012,ECC2,D,200,N,2,0,0,0,0,1,0,0,0,0,0,0,0,0,0,0
29-01-2012,ECC2,D,200,N,3,0,0,0,0,2,0,0,0,0,0,0,0,0,0,0
29-01-2012,ECC2,D,200,N,4,0,1,0,0,1,0,0,0,0,0,0,0,0,0,0
29-01-2012,ECC2,D,200,S,1,0,0,0,0,0,0,0,0,0,0,0,0,0,0,0
29-01-2012,ECC2,D,200,S,2,0,0,0,0,1,0,0,0,0,0,0,0,0,0,0
29-01-2012,ECC2,D,200,S,3,0,0,0,0,0,0,0,0,0,0,0,0,0,0,0
29-01-2012,ECC2,D,200,S,4,0,0,0,0,0,0,0,0,0,0,0,0,0,0,0
29-01-2012,ECC2,D,200,E,1,0,0,0,0,0,0,0,0,0,0,0,0,0,0,0
29-01-2012,ECC2,D,200,E,2,0,0,0,0,0,0,0,0,0,0,0,0,0,0,0
29-01-2012,ECC2,D,200,E,3,0,0,0,0,0,0,0,0,0,0,0,0,0,0,0
29-01-2012,ECC2,D,200,E,4,0,0,0,0,0,0,0,0,0,0,0,0,0,0,0
29-01-2012,ECC2,D,200,W,1,0,0,0,0,0,0,0,0,0,0,0,0,0,0,0
29-01-2012,ECC2,D,200,W,2,0,0,0,0,0,0,0,0,0,0,0,0,0,0,0
29-01-2012,ECC2,D,200,W,3,0,0,0,0,0,0,0,0,0,0,0,0,0,0,0
29-01-2012,ECC2,D,200,W,4,0,0,0,0,0,0,0,0,0,0,0,0,0,0,0
29-01-2012,AIL4,E,,Below,0,0,1,0,0,0,0,0,0,0,0,0,0,0,0,0
29-01-2012,AIL5,E,,Below,0,0,0,0,0,1,0,0,0,0,0,0,0,0,0,0
29-01-2012,AIL3,E,,Below,0,0,0,0,0,0,0,0,0,0,0,0,0,0,0,0
31-01-2012,PN5,C,30,Below,0,0,2,0,0,0,0,0,0,0,0,0,0,0,0,0
31-01-2012,PN5,C,30,S,1,0,0,0,0,0,0,0,0,0,0,0,0,0,0,0
31-01-2012,PN5,C,30,S,2,0,0,0,0,0,0,0,0,0,0,0,0,0,0,0
31-01-2012,PN5,C,30,S,3,0,0,0,0,0,0,0,0,0,0,0,0,0,0,0
31-01-2012,PN5,C,30,S,4,0,0,0,0,0,0,0,0,0,0,0,0,0,0,0
31-01-2012,PN5,C,30,E,1,0,0,0,0,0,0,0,0,0,0,0,0,0,0,0
31-01-2012,PN5,C,30,E,2,0,0,0,0,0,0,0,0,0,0,0,0,0,0,0
31-01-2012,PN5,C,30,E,3,0,0,0,0,0,0,0,0,0,0,0,0,0,0,0
31-01-2012,PN5,C,30,E,4,0,0,0,0,0,0,0,0,0,0,0,0,0,0,0
31-01-2012,PN5,C,30,W,1,0,0,0,0,0,0,0,0,0,0,0,0,0,0,0
31-01-2012,PN5,C,30,W,2,0,0,0,0,0,0,0,0,0,0,0,0,0,0,0
31-01-2012,PN5,C,30,W,3,0,0,0,0,0,0,0,0,0,0,0,0,0,0,0
31-01-2012,PN5,C,30,W,4,0,0,0,0,0,0,0,0,0,0,0,0,0,0,0
31-01-2012,PN4,C,50,Below,0,26,28,0,0,0,0,0,0,1,0,0,0,0,0,0
31-01-2012,PN4,C,50,N,1,0,1,0,0,0,0,0,0,0,0,0,0,0,0,0
31-01-2012,PN4,C,50,N,2,0,0,0,0,0,0,0,0,0,0,0,0,0,0,0
31-01-2012,PN4,C,50,N,3,0,0,0,0,0,0,0,0,0,0,0,0,0,0,0
31-01-2012,PN4,C,50,N,4,0,0,0,0,0,0,0,0,0,0,0,0,0,0,0
31-01-2012,PN4,C,50,S,1,0,0,0,0,0,0,0,0,0,0,0,0,0,0,0
31-01-2012,PN4,C,50,S,2,0,0,0,0,0,0,0,0,0,0,0,0,0,0,0
31-01-2012,PN4,C,50,S,3,0,0,0,0,0,0,0,0,0,0,0,0,0,0,0
31-01-2012,PN4,C,50,S,4,0,0,0,0,0,0,0,0,0,0,0,0,0,0,0
31-01-2012,PN4,C,50,E,1,0,1,0,0,0,0,0,0,0,0,0,0,0,0,0
31-01-2012,PN4,C,50,E,2,0,0,0,0,0,0,0,0,0,0,0,0,0,0,0
31-01-2012,PN4,C,50,E,3,0,0,0,0,0,0,0,0,0,0,0,0,0,0,0
31-01-2012,PN4,C,50,E,4,0,0,0,0,0,0,0,0,0,0,0,0,0,0,0
31-01-2012,PN4,C,50,W,1,0,0,0,0,0,0,0,0,0,0,0,0,0,0,0
31-01-2012,PN4,C,50,W,2,0,0,0,0,0,0,0,0,0,0,0,0,0,0,0
31-01-2012,PN4,C,50,W,3,0,1,0,0,0,0,0,0,0,0,0,0,0,0,0
31-01-2012,PN4,C,50,W,4,0,1,0,0,0,0,0,0,0,0,0,0,0,0,0
31-01-2012,ALT1,E,,Below,0,0,0,0,0,1,0,0,0,0,0,0,0,0,0,0
01-02-2012,PN6,C,50,Below,0,0,7,0,0,0,0,0,0,0,0,0,0,0,0,0
01-02-2012,PN6,C,50,N,1,0,0,0,0,0,0,0,0,0,0,0,0,0,0,0
01-02-2012,PN6,C,50,N,2,0,0,0,0,0,0,0,0,0,0,0,0,0,0,0
01-02-2012,PN6,C,50,N,3,0,0,0,0,0,0,0,0,0,0,0,0,0,0,0
01-02-2012,PN6,C,50,N,4,0,0,0,0,0,0,0,0,0,0,0,0,0,0,0
01-02-2012,PN6,C,50,W,1,0,2,0,0,0,0,0,0,0,0,0,0,0,0,0
01-02-2012,PN6,C,50,W,2,0,6,0,0,0,0,0,0,0,0,0,0,0,0,0
01-02-2012,PN6,C,50,W,3,0,0,0,0,0,0,0,0,0,0,0,0,0,0,0
01-02-2012,PN6,C,50,W,4,0,0,0,0,0,0,0,0,0,0,0,0,0,0,0
01-02-2012,PN8,C,30,Below,0,16,2,0,0,0,0,0,0,0,0,0,0,0,0,0
01-02-2012,PN8,C,30,N,1,0,0,0,0,0,0,0,0,0,0,0,0,0,0,0
01-02-2012,PN8,C,30,N,2,0,0,0,0,0,0,0,0,0,0,0,0,0,0,0
01-02-2012,PN8,C,30,N,3,0,0,0,0,0,0,0,0,0,0,0,0,0,0,0
01-02-2012,PN8,C,30,N,4,0,0,0,0,0,0,0,0,0,0,0,0,0,0,0
01-02-2012,PN8,C,30,S,1,0,0,0,0,0,0,0,0,0,0,0,0,0,0,0
01-02-2012,PN8,C,30,S,2,0,0,0,0,0,0,0,0,0,0,0,0,0,0,0
01-02-2012,PN8,C,30,S,3,0,0,0,0,0,0,0,0,0,0,0,0,0,0,0
01-02-2012,PN8,C,30,S,4,0,0,0,0,0,0,0,0,0,0,0,0,0,0,0
01-02-2012,PN8,C,30,E,1,0,0,0,0,0,0,0,0,0,0,0,0,0,0,0
01-02-2012,PN8,C,30,E,2,0,0,0,0,0,0,0,0,0,0,0,0,0,0,0
01-02-2012,PN8,C,30,E,3,0,0,0,0,0,0,0,0,0,0,0,0,0,0,0
01-02-2012,PN8,C,30,E,4,0,0,0,0,0,0,0,0,0,0,0,0,0,0,0
01-02-2012,PN8,C,30,W,1,0,0,0,0,0,0,0,0,0,0,0,0,0,0,0
01-02-2012,PN8,C,30,W,2,0,0,0,0,0,0,0,0,0,0,0,0,0,0,0
01-02-2012,PN8,C,30,W,3,0,0,0,0,0,0,0,0,0,0,0,0,0,0,0
01-02-2012,PN8,C,30,W,4,0,0,0,0,0,0,0,0,0,0,0,0,0,0,0
02-02-2012,FS3,F,,Below,0,0,6,0,1,0,0,0,0,0,0,0,0,0,0,0
02-02-2012,FS3,F,,N,1,0,0,0,0,0,0,0,0,0,0,0,0,0,0,0
02-02-2012,FS3,F,,N,2,0,0,0,0,0,0,0,0,0,0,0,0,0,0,0
02-02-2012,FS3,F,,N,3,0,0,0,0,0,0,0,0,0,0,0,0,0,0,0
02-02-2012,FS3,F,,N,4,0,0,0,0,0,0,0,0,0,0,0,0,0,0,0
02-02-2012,FS3,F,,S,1,0,0,0,0,0,0,0,0,0,0,0,0,0,0,0
02-02-2012,FS3,F,,S,2,0,0,0,0,0,0,0,0,0,0,0,0,0,0,0
02-02-2012,FS3,F,,S,3,0,0,0,0,0,0,0,0,0,0,0,0,0,0,0
02-02-2012,FS3,F,,S,4,0,0,0,0,0,0,0,0,0,0,0,0,0,0,0
02-02-2012,FS3,F,,W,1,0,0,0,0,0,0,0,0,0,0,0,0,0,0,0
02-02-2012,FS3,F,,W,2,0,0,0,0,0,0,0,0,0,0,0,0,0,0,0
02-02-2012,FS3,F,,W,3,0,0,0,0,0,0,0,0,0,0,0,0,0,0,0
02-02-2012,FS3,F,,W,4,0,0,0,0,0,0,0,0,0,0,0,0,0,0,0
02-02-2012,FS2,F,,Below,0,0,5,0,0,0,0,0,0,0,0,0,0,0,0,0
02-02-2012,FS2,F,,N,1,0,0,0,0,0,0,0,0,0,0,0,0,0,0,0
02-02-2012,FS2,F,,N,2,0,1,0,0,0,0,0,0,0,0,0,0,0,0,0
02-02-2012,FS2,F,,N,3,0,0,0,0,0,0,0,0,0,0,0,0,0,0,0
02-02-2012,FS2,F,,N,4,0,0,0,0,0,0,0,0,0,0,0,0,0,0,0
02-02-2012,FS2,F,,S,1,0,0,0,0,0,0,0,0,0,0,0,0,0,0,0
02-02-2012,FS2,F,,S,2,0,0,0,0,0,0,0,0,0,0,0,0,0,0,0
02-02-2012,FS2,F,,S,3,0,0,0,0,0,0,0,0,0,0,0,0,0,0,0
02-02-2012,FS2,F,,S,4,0,0,0,0,0,0,0,0,0,0,0,0,0,0,0
02-02-2012,FS2,F,,E,1,0,1,0,0,0,0,0,0,0,0,0,0,0,0,0
02-02-2012,FS2,F,,E,2,0,4,0,0,0,0,0,0,0,0,0,0,0,0,0
02-02-2012,FS2,F,,E,3,0,0,1,0,0,0,0,0,0,0,0,0,0,0,0
02-02-2012,FS2,F,,E,4,0,0,0,0,0,0,0,0,0,0,0,0,0,0,0
02-02-2012,FS2,F,,W,1,0,0,0,0,0,0,0,0,0,0,0,0,0,0,0
02-02-2012,FS2,F,,W,2,0,0,0,0,0,0,0,0,0,0,0,0,0,0,0
02-02-2012,FS2,F,,W,3,0,0,0,0,0,0,0,0,0,0,0,0,0,0,0
02-02-2012,FS2,F,,W,4,0,0,0,0,0,0,0,0,0,0,0,0,0,0,0
02-02-2012,BEL1,D,50,Below,0,0,1,0,0,0,0,0,0,0,0,0,0,1,0,0
02-02-2012,BEL1,D,50,N,1,0,0,0,0,0,0,0,0,0,0,0,0,0,0,0
02-02-2012,BEL1,D,50,N,2,0,0,0,0,0,0,0,0,0,0,0,0,0,0,0
02-02-2012,BEL1,D,50,N,3,0,0,0,0,0,0,0,0,0,0,0,0,0,0,0
02-02-2012,BEL1,D,50,N,4,0,0,0,0,0,0,0,0,0,0,0,0,0,0,0
02-02-2012,BEL1,D,50,S,1,0,0,0,0,0,0,0,0,0,0,0,0,0,0,0
02-02-2012,BEL1,D,50,S,2,0,1,0,0,0,0,0,0,0,0,0,0,0,0,0
02-02-2012,BEL1,D,50,S,3,0,0,0,0,0,0,0,0,0,0,0,0,0,0,0
02-02-2012,BEL1,D,50,S,4,0,0,0,0,0,0,0,0,0,0,0,0,0,0,0
02-02-2012,BEL1,D,50,E,1,0,0,0,0,0,0,0,0,0,0,0,0,0,0,0
02-02-2012,BEL1,D,50,E,2,0,0,0,0,0,0,0,0,0,0,0,0,0,0,0
02-02-2012,BEL1,D,50,E,3,0,0,0,0,0,0,0,0,0,0,0,0,0,0,0
02-02-2012,BEL1,D,50,E,4,0,1,0,0,0,0,0,0,0,0,0,0,0,0,0
02-02-2012,BEL1,D,50,W,1,0,0,0,0,0,0,0,0,0,0,0,0,0,0,0
02-02-2012,BEL1,D,50,W,2,0,0,0,0,0,0,0,0,0,0,0,0,0,0,0
02-02-2012,BEL1,D,50,W,3,0,0,0,0,0,0,0,0,0,0,0,0,0,0,0
02-02-2012,BEL1,D,50,W,4,0,0,0,0,0,0,0,0,0,0,0,0,0,0,0
02-02-2012,PN7,C,60,Below,0,7,9,0,0,0,0,0,0,0,0,0,0,0,0,0
02-02-2012,PN7,C,60,N,1,0,1,0,0,0,0,0,0,0,0,0,0,0,0,0
02-02-2012,PN7,C,60,N,2,0,1,0,0,0,0,0,0,0,0,0,0,0,0,0
02-02-2012,PN7,C,60,N,3,0,0,0,0,0,0,0,0,0,0,0,0,0,0,0
02-02-2012,PN7,C,60,N,4,0,0,0,0,0,0,0,0,0,0,0,0,0,0,0
02-02-2012,PN7,C,60,S,1,0,0,0,0,0,0,0,0,0,0,0,0,0,0,0
02-02-2012,PN7,C,60,S,2,0,0,0,0,0,0,0,0,0,0,0,0,0,0,0
02-02-2012,PN7,C,60,S,3,0,0,0,0,0,0,0,0,0,0,0,0,0,0,0
02-02-2012,PN7,C,60,S,4,0,0,0,0,0,0,0,0,0,0,0,0,0,0,0
02-02-2012,PN7,C,60,E,1,0,0,0,0,0,0,0,0,0,0,0,0,0,0,0
02-02-2012,PN7,C,60,E,2,0,0,0,0,0,0,0,0,0,0,0,0,0,0,0
02-02-2012,PN7,C,60,E,3,0,0,0,0,0,0,0,0,0,0,0,0,0,0,0
02-02-2012,PN7,C,60,E,4,0,0,0,0,0,0,0,0,0,0,0,0,0,0,0
02-02-2012,PN7,C,60,W,1,0,1,0,0,0,0,0,0,0,0,0,0,0,0,0
02-02-2012,PN7,C,60,W,2,0,3,0,0,0,0,0,0,0,0,0,0,0,0,0
02-02-2012,PN7,C,60,W,3,0,0,0,0,0,0,0,0,0,0,0,0,0,0,0
02-02-2012,PN7,C,60,W,4,0,0,0,0,0,0,0,0,0,0,0,0,0,0,0
03-02-2012,PN9,C,250,Below,0,0,3,0,0,0,0,0,0,0,0,0,0,0,0,0
03-02-2012,PN9,C,250,N,1,0,0,0,0,0,0,0,0,0,0,0,0,0,0,0
03-02-2012,PN9,C,250,N,2,0,0,0,0,0,0,0,0,0,0,0,0,0,0,0
03-02-2012,PN9,C,250,N,3,0,0,0,0,0,0,0,0,0,0,0,0,0,0,0
03-02-2012,PN9,C,250,N,4,0,0,0,0,0,0,0,0,0,0,0,0,0,0,0
03-02-2012,PN9,C,250,S,1,0,0,0,0,0,0,0,0,0,0,0,0,0,0,0
03-02-2012,PN9,C,250,S,2,0,1,0,0,0,0,0,0,0,0,0,0,0,0,0
03-02-2012,PN9,C,250,S,3,0,0,0,0,0,0,0,0,0,0,0,0,0,0,0
03-02-2012,PN9,C,250,S,4,0,0,0,0,0,0,0,0,0,0,0,0,0,0,0
03-02-2012,PN9,C,250,E,1,0,0,0,0,0,0,0,0,0,0,0,0,0,0,0
03-02-2012,PN9,C,250,E,2,0,0,0,0,0,0,0,0,0,0,0,0,0,0,0
03-02-2012,PN9,C,250,E,3,0,0,0,0,0,0,0,0,0,0,0,0,0,0,0
03-02-2012,PN9,C,250,E,4,0,0,0,0,0,0,0,0,0,0,0,0,0,0,0
03-02-2012,PN9,C,250,W,1,0,0,0,0,0,0,0,0,0,0,0,0,0,0,0
03-02-2012,PN9,C,250,W,2,0,0,0,0,0,0,0,0,0,0,0,0,0,0,0
03-02-2012,PN9,C,250,W,3,0,0,0,0,0,0,0,0,0,0,0,0,0,0,0
03-02-2012,PN9,C,250,W,4,0,0,0,0,0,0,0,0,0,0,0,0,0,0,0
03-02-2012,AIL1,E,,Below,0,0,0,1,0,0,0,0,0,0,0,0,0,0,0,0
03-02-2012,ES2,E,,Below,0,0,0,0,0,0,0,0,0,0,0,0,0,0,0,0
03-02-2012,BEL2,D,20,Below,0,0,0,8,0,0,0,1,0,0,0,0,0,0,0,0
03-02-2012,BEL2,D,20,N,1,0,0,11,0,0,0,0,0,0,0,0,0,0,0,0
03-02-2012,BEL2,D,20,N,2,0,0,0,0,0,0,0,0,0,0,0,0,0,0,0
03-02-2012,BEL2,D,20,N,3,0,0,0,0,0,0,0,0,0,0,0,0,0,0,0
03-02-2012,BEL2,D,20,N,4,0,0,0,0,0,0,0,0,0,0,0,0,0,0,0
03-02-2012,BEL2,D,20,S,1,0,0,0,0,0,0,0,0,0,0,0,0,0,0,0
03-02-2012,BEL2,D,20,S,2,0,0,0,0,0,0,0,0,0,0,0,0,0,0,0
03-02-2012,BEL2,D,20,S,3,0,0,0,0,0,0,0,0,0,0,0,0,0,0,0
03-02-2012,BEL2,D,20,S,4,0,0,0,0,0,0,0,0,0,0,0,0,0,0,0
03-02-2012,BEL2,D,20,E,1,0,0,0,0,0,0,0,0,0,0,0,0,0,0,0
03-02-2012,BEL2,D,20,E,2,0,0,0,0,0,0,0,0,0,0,0,0,0,0,0
03-02-2012,BEL2,D,20,E,3,0,0,0,0,0,0,0,0,0,0,0,0,0,0,0
03-02-2012,BEL2,D,20,E,4,0,0,0,0,0,0,0,0,0,0,0,0,0,0,0
03-02-2012,BEL2,D,20,W,1,0,0,1,0,0,0,1,0,0,0,0,0,0,0,0
03-02-2012,BEL2,D,20,W,2,0,0,0,0,0,0,0,0,0,0,0,0,0,0,0
03-02-2012,BEL2,D,20,W,3,0,0,0,0,0,0,0,0,0,0,0,0,0,0,0
03-02-2012,BEL2,D,20,W,4,0,0,0,0,0,0,0,0,1,0,0,0,0,0,0
04-02-2012,ECC1,D,1300,Below,0,0,1,0,0,3,0,0,0,0,0,0,0,0,0,0
04-02-2012,ECC1,D,1300,N,1,0,0,0,0,0,0,0,0,0,0,0,0,0,0,0
04-02-2012,ECC1,D,1300,N,2,0,0,0,0,0,0,0,0,0,0,0,0,0,0,0
04-02-2012,ECC1,D,1300,N,3,0,0,0,0,0,0,0,0,0,0,0,0,0,0,0
04-02-2012,ECC1,D,1300,N,4,0,1,0,0,1,0,0,0,0,0,0,0,0,0,0
04-02-2012,ECC1,D,1300,S,1,0,0,0,0,0,0,0,0,0,0,0,0,0,0,0
04-02-2012,ECC1,D,1300,S,2,0,0,0,0,0,0,0,0,0,0,0,0,0,0,0
04-02-2012,ECC1,D,1300,S,3,0,0,0,0,0,0,0,0,0,0,0,0,0,0,0
04-02-2012,ECC1,D,1300,S,4,0,0,0,0,0,0,0,0,0,0,0,0,0,0,0
04-02-2012,ECC2,D,250,Below,0,0,0,0,0,0,0,0,0,0,0,0,0,0,0,0
04-02-2012,ECC2,D,250,N,1,0,0,0,0,1,0,0,0,0,0,0,0,0,0,0
04-02-2012,ECC2,D,250,N,2,0,0,0,0,0,0,0,0,0,0,0,0,0,0,0
04-02-2012,ECC2,D,250,N,3,0,0,0,0,0,0,0,0,0,0,0,0,0,0,0
04-02-2012,ECC2,D,250,N,4,0,0,0,0,0,0,0,0,0,0,0,0,0,0,0
04-02-2012,ECC2,D,250,S,1,0,0,0,0,0,0,0,0,0,0,0,0,0,0,0
04-02-2012,ECC2,D,250,S,2,0,0,0,0,0,0,0,0,0,0,0,0,0,0,0
04-02-2012,ECC2,D,250,S,3,0,0,0,0,0,0,0,0,0,0,0,0,0,0,0
04-02-2012,ECC2,D,250,S,4,0,0,0,0,0,0,0,0,0,0,0,0,0,0,0
04-02-2012,ECC2,D,250,E,1,0,0,0,0,0,0,0,0,0,0,0,0,0,0,0
04-02-2012,ECC2,D,250,E,2,0,0,0,0,0,0,0,0,0,0,0,0,0,0,0
04-02-2012,ECC2,D,250,E,3,0,0,0,0,0,0,0,0,0,0,0,0,0,0,0
04-02-2012,ECC2,D,250,E,4,0,0,0,0,0,0,0,0,0,1,0,0,0,0,0
04-02-2012,ECC2,D,250,W,1,0,0,0,0,0,0,0,0,0,0,0,0,0,0,0
04-02-2012,ECC2,D,250,W,2,0,0,0,0,0,0,0,0,0,0,0,0,0,0,0
04-02-2012,ECC2,D,250,W,3,0,0,0,0,0,0,0,0,0,0,0,0,0,0,0
04-02-2012,ECC2,D,250,W,4,0,0,0,0,0,0,0,0,0,0,0,0,0,0,0
04-02-2012,AIL4,E,,Below,0,0,0,0,0,0,0,0,0,0,0,0,0,0,0,0
04-02-2012,AIL5,E,,Below,0,0,0,0,0,1,0,0,0,0,0,0,0,0,0,0
04-02-2012,ECC3,D,30,Below,0,0,1,0,0,0,0,0,0,0,0,0,0,0,0,0
04-02-2012,ECC3,D,30,N,1,0,0,0,0,0,0,0,0,0,0,0,0,0,0,0
04-02-2012,ECC3,D,30,N,2,0,1,0,0,0,0,0,0,0,0,0,0,0,0,0
04-02-2012,ECC3,D,30,N,3,0,0,0,0,0,0,0,0,0,0,0,0,0,0,0
04-02-2012,ECC3,D,30,N,4,0,0,0,0,0,0,0,0,0,0,0,0,0,0,0
04-02-2012,ECC3,D,30,S,1,0,0,0,0,0,0,0,0,0,0,0,0,0,0,0
04-02-2012,ECC3,D,30,S,2,0,0,0,0,0,0,0,0,0,0,0,0,0,0,0
04-02-2012,ECC3,D,30,S,3,0,0,0,0,0,0,0,0,0,0,0,0,0,0,0
04-02-2012,ECC3,D,30,S,4,0,0,0,0,0,0,0,0,0,0,0,0,0,0,0
04-02-2012,ECC3,D,30,E,1,0,0,0,0,0,0,0,0,0,0,0,0,0,0,0
04-02-2012,ECC3,D,30,E,2,0,0,0,0,0,0,0,0,0,0,0,0,0,0,0
04-02-2012,ECC3,D,30,E,3,0,0,0,0,0,0,0,0,0,0,0,0,0,0,0
04-02-2012,ECC3,D,30,E,4,0,0,0,0,0,0,0,0,0,0,0,0,0,0,0
04-02-2012,ECC3,D,30,W,1,0,1,0,0,0,0,0,0,0,0,0,0,0,0,0
04-02-2012,ECC3,D,30,W,2,0,0,0,0,0,0,0,0,0,0,0,0,0,0,0
04-02-2012,ECC3,D,30,W,3,0,2,0,0,0,0,0,0,0,0,0,0,0,0,0
04-02-2012,ECC3,D,30,W,4,0,3,0,0,0,0,0,0,0,0,0,0,0,0,0
04-02-2012,AIL3,E,,Below,0,0,0,0,0,0,0,0,0,0,0,0,0,0,0,0
06-02-2012,PN1,C,150,Below,0,9,27,0,0,0,0,0,0,0,0,0,0,0,0,0
06-02-2012,PN1,C,150,N,1,0,1,0,0,0,0,0,0,0,0,0,0,0,0,0
06-02-2012,PN1,C,150,N,2,0,2,0,0,0,0,0,0,0,0,0,0,0,0,0
06-02-2012,PN1,C,150,N,3,0,0,0,0,0,0,0,0,0,0,0,0,0,0,0
06-02-2012,PN1,C,150,N,4,0,0,0,0,0,0,0,0,0,0,0,0,0,0,0
06-02-2012,PN1,C,150,S,1,0,0,0,0,0,0,0,0,0,0,0,0,0,0,0
06-02-2012,PN1,C,150,S,2,0,0,0,0,0,0,0,0,0,0,0,0,0,0,0
06-02-2012,PN1,C,150,S,3,0,0,0,0,0,0,0,0,0,0,0,0,0,0,0
06-02-2012,PN1,C,150,S,4,0,0,0,0,0,0,0,0,0,0,0,0,0,0,0
06-02-2012,PN1,C,150,E,1,0,0,0,0,0,0,0,0,0,0,0,0,0,0,0
06-02-2012,PN1,C,150,E,2,0,0,0,0,0,0,0,0,0,0,0,0,0,0,0
06-02-2012,PN1,C,150,E,3,0,0,0,0,0,0,0,0,0,0,0,0,0,0,0
06-02-2012,PN1,C,150,E,4,0,0,0,0,0,0,0,0,0,0,0,0,0,0,0
06-02-2012,PN1,C,150,W,1,0,0,0,0,0,0,0,0,0,0,0,0,0,0,0
06-02-2012,PN1,C,150,W,2,0,0,0,0,0,0,0,0,0,0,0,0,0,0,0
06-02-2012,PN1,C,150,W,3,0,0,0,0,0,0,0,0,0,0,0,0,0,0,0
06-02-2012,PN1,C,150,W,4,0,1,0,0,0,0,0,0,0,0,0,0,0,0,0
06-02-2012,PN2,C,40,Below,0,29,30,0,0,0,0,0,0,2,0,0,0,0,0,0
06-02-2012,PN2,C,40,N,1,0,1,0,0,0,0,0,0,0,0,0,0,0,0,0
06-02-2012,PN2,C,40,N,2,0,0,0,0,0,0,0,0,0,0,0,0,0,0,0
06-02-2012,PN2,C,40,N,3,0,1,0,0,0,0,0,0,0,0,0,0,0,0,0
06-02-2012,PN2,C,40,N,4,0,1,0,0,0,0,0,0,0,0,0,0,0,0,0
06-02-2012,PN2,C,40,S,1,0,0,0,0,0,0,0,0,0,0,0,0,0,0,0
06-02-2012,PN2,C,40,S,2,0,0,0,0,0,0,0,0,0,0,0,0,0,0,0
06-02-2012,PN2,C,40,S,3,0,0,0,0,0,0,0,0,0,0,0,0,0,0,0
06-02-2012,PN2,C,40,S,4,0,2,0,0,0,0,0,0,0,0,0,0,0,0,0
06-02-2012,PN2,C,40,E,1,0,0,0,0,0,0,0,0,0,0,0,0,0,0,0
06-02-2012,PN2,C,40,E,2,0,2,0,0,0,0,0,0,0,0,0,0,0,0,0
06-02-2012,PN2,C,40,E,3,0,0,0,0,0,0,0,0,0,0,0,0,0,0,0
06-02-2012,PN2,C,40,E,4,0,0,0,0,0,0,0,0,0,0,0,0,0,0,0
06-02-2012,PN2,C,40,W,1,0,6,0,0,0,0,0,0,0,0,0,0,0,0,0
06-02-2012,PN2,C,40,W,2,0,0,0,0,0,0,0,0,0,0,0,0,0,0,0
06-02-2012,PN2,C,40,W,3,0,0,0,0,0,0,0,0,0,0,0,0,0,0,0
06-02-2012,PN2,C,40,W,4,0,0,0,0,0,0,0,0,0,0,0,0,0,0,0
06-02-2012,AIL2,E,,Below,0,0,1,0,0,0,0,0,0,0,0,0,0,1,0,0
06-02-2012,ES1,E,,Below,0,0,1,0,0,0,0,0,0,0,0,0,0,0,0,0
06-02-2012,FS4,F,,Below,0,0,3,0,0,0,0,0,0,0,1,0,0,0,0,0
06-02-2012,FS4,F,,N,1,0,0,0,0,0,0,0,0,0,0,0,0,0,0,0
06-02-2012,FS4,F,,N,2,0,0,0,0,0,0,0,0,0,0,0,0,0,0,0
06-02-2012,FS4,F,,N,3,0,0,0,0,0,0,22,0,0,0,0,0,1,0,0
06-02-2012,FS4,F,,N,4,0,1,0,0,0,0,0,0,0,0,0,0,2,0,0
06-02-2012,FS4,F,,S,1,0,0,0,0,0,0,0,0,0,0,0,0,0,0,0
06-02-2012,FS4,F,,S,2,0,0,0,0,0,0,0,0,0,0,0,0,0,0,0
06-02-2012,FS4,F,,S,3,0,0,0,0,0,0,0,0,0,0,0,0,0,0,0
06-02-2012,FS4,F,,S,4,0,0,0,0,0,0,0,0,0,0,0,0,0,0,0
06-02-2012,FS4,F,,E,1,0,0,0,0,0,0,0,0,0,1,0,0,0,0,0
06-02-2012,FS4,F,,E,2,0,1,0,0,0,0,0,0,0,0,0,0,0,0,0
06-02-2012,FS4,F,,E,3,0,1,0,0,0,0,0,0,0,0,0,0,0,0,0
06-02-2012,FS4,F,,E,4,0,0,0,0,0,0,0,0,0,0,0,0,0,0,0
06-02-2012,FS4,F,,W,1,0,0,0,0,0,0,0,0,0,0,0,0,0,0,0
06-02-2012,FS4,F,,W,2,0,0,0,0,0,0,0,0,0,0,0,0,0,0,0
06-02-2012,FS4,F,,W,3,0,0,0,0,0,0,0,0,0,0,0,0,0,0,0
06-02-2012,FS4,F,,W,4,0,0,0,0,0,0,0,0,0,0,0,1,3,0,0
07-02-2012,ALT1,E,,Below,0,0,0,0,0,0,0,0,0,0,0,0,0,0,0,0
07-02-2012,FS1,F,,Below,0,0,5,1,0,0,0,0,0,0,0,0,0,0,0,0
07-02-2012,FS1,F,,N,1,0,0,0,0,0,0,0,0,0,0,0,0,0,0,0
07-02-2012,FS1,F,,N,2,0,0,0,0,0,0,0,0,0,0,0,0,0,0,0
07-02-2012,FS1,F,,N,3,0,0,0,0,0,0,0,0,0,0,0,0,0,0,0
07-02-2012,FS1,F,,N,4,0,0,0,0,0,0,0,0,0,0,0,0,0,0,0
07-02-2012,FS1,F,,S,1,0,0,0,1,0,0,0,0,0,0,0,0,0,0,0
07-02-2012,FS1,F,,S,2,0,0,0,1,0,0,0,0,0,0,0,0,0,0,0
07-02-2012,FS1,F,,S,3,0,0,0,0,0,0,0,0,0,0,0,0,0,0,0
07-02-2012,FS1,F,,S,4,0,0,0,0,0,0,0,0,0,0,0,0,0,0,0
07-02-2012,FS1,F,,E,1,0,0,0,0,0,0,0,0,0,0,0,0,0,0,0
07-02-2012,FS1,F,,E,2,0,0,0,0,0,0,0,0,0,0,0,0,0,0,0
07-02-2012,FS1,F,,E,3,0,0,0,0,0,0,0,0,0,0,0,0,0,0,0
07-02-2012,FS1,F,,E,4,0,0,0,0,0,0,0,0,0,0,0,0,0,0,0
07-02-2012,FS1,F,,W,1,0,0,0,0,0,0,0,0,0,0,0,0,0,0,0
07-02-2012,FS1,F,,W,2,0,0,0,0,0,0,0,0,0,0,0,0,0,0,0
07-02-2012,FS1,F,,W,3,0,0,0,0,0,0,0,0,0,0,0,0,0,0,0
07-02-2012,FS1,F,,W,4,0,1,0,0,0,0,0,0,0,0,0,0,0,0,0
07-02-2012,PN5,C,40,Below,0,5,6,0,0,0,0,0,0,0,0,1,0,0,0,0
07-02-2012,PN5,C,40,S,1,0,2,0,0,0,0,0,0,0,0,0,0,0,0,0
07-02-2012,PN5,C,40,S,2,0,0,0,0,0,0,0,0,0,0,0,0,0,0,0
07-02-2012,PN5,C,40,S,3,0,0,0,0,0,0,0,0,0,0,0,0,0,0,0
07-02-2012,PN5,C,40,S,4,0,0,0,0,0,0,0,0,0,0,0,0,0,0,0
07-02-2012,PN5,C,40,E,1,0,0,0,0,0,0,0,0,0,0,0,0,0,0,0
07-02-2012,PN5,C,40,E,2,0,0,0,0,0,0,0,0,0,0,0,0,0,0,0
07-02-2012,PN5,C,40,E,3,0,0,0,0,0,0,0,0,0,0,0,0,0,0,0
07-02-2012,PN5,C,40,E,4,0,0,0,0,0,0,0,0,0,0,0,0,0,0,0
07-02-2012,PN5,C,40,W,1,0,0,0,0,0,0,0,0,0,0,0,0,0,0,0
07-02-2012,PN5,C,40,W,2,0,0,0,0,0,0,0,0,0,0,0,0,0,0,0
07-02-2012,PN5,C,40,W,3,0,0,0,0,0,0,0,0,0,0,0,0,0,0,0
07-02-2012,PN5,C,40,W,4,0,0,0,0,0,0,0,0,0,0,0,0,0,0,0
07-02-2012,PN4,C,100,Below,0,15,23,0,0,0,0,0,0,0,0,0,0,0,0,0
07-02-2012,PN4,C,100,N,1,0,3,0,0,0,0,0,0,0,0,0,0,0,0,0
07-02-2012,PN4,C,100,N,2,0,0,0,0,0,0,0,0,0,0,0,0,0,0,0
07-02-2012,PN4,C,100,N,3,0,0,0,0,0,0,0,0,0,0,0,0,0,0,0
07-02-2012,PN4,C,100,N,4,0,0,0,0,0,0,0,0,0,0,0,0,0,0,0
07-02-2012,PN4,C,100,S,1,0,1,0,0,0,0,0,0,0,0,0,0,0,0,0
07-02-2012,PN4,C,100,S,2,0,0,0,0,0,0,0,0,0,0,0,0,0,0,0
07-02-2012,PN4,C,100,S,3,0,0,0,0,0,0,0,0,0,0,0,0,0,0,0
07-02-2012,PN4,C,100,S,4,0,1,0,0,0,0,0,0,0,0,0,0,0,0,0
07-02-2012,PN4,C,100,E,1,0,1,0,0,0,0,0,0,0,0,0,0,0,0,0
07-02-2012,PN4,C,100,E,2,0,0,0,0,0,0,0,0,0,0,0,0,0,0,0
07-02-2012,PN4,C,100,E,3,0,1,0,0,0,0,0,0,0,0,0,0,0,0,0
07-02-2012,PN4,C,100,E,4,0,0,0,0,0,0,0,0,0,0,0,0,0,0,0
07-02-2012,PN4,C,100,W,1,0,0,0,0,0,0,0,0,0,0,0,0,0,0,0
07-02-2012,PN4,C,100,W,2,0,0,0,0,0,0,0,0,0,0,0,0,0,0,0
07-02-2012,PN4,C,100,W,3,0,0,0,0,0,0,0,0,0,0,0,0,0,0,0
07-02-2012,PN4,C,100,W,4,0,0,0,0,0,0,0,0,0,0,0,0,0,0,0
08-02-2012,PN6,C,200,Below,0,7,13,0,0,0,0,0,0,0,0,0,0,0,0,0
08-02-2012,PN6,C,200,N,1,0,1,0,0,0,0,0,0,0,0,0,0,0,0,0
08-02-2012,PN6,C,200,N,2,0,0,0,0,0,0,0,0,0,0,0,0,0,0,0
08-02-2012,PN6,C,200,N,3,0,0,0,0,0,0,0,0,0,0,0,0,0,0,0
08-02-2012,PN6,C,200,N,4,0,0,0,0,0,0,0,0,0,0,0,0,0,0,0
08-02-2012,PN6,C,200,W,1,0,4,0,0,0,0,0,0,1,0,0,0,0,0,0
08-02-2012,PN6,C,200,W,2,0,11,0,0,0,0,0,0,0,0,0,0,0,0,0
08-02-2012,PN6,C,200,W,3,0,0,0,0,0,0,0,0,0,0,0,0,0,0,0
08-02-2012,PN6,C,200,W,4,0,0,0,0,0,0,0,0,0,0,0,0,0,0,0
08-02-2012,PN8,C,100,Below,0,45,8,0,0,0,0,0,0,1,0,0,0,0,0,0
08-02-2012,PN8,C,100,N,1,0,0,0,0,0,0,0,0,0,0,0,0,0,0,0
08-02-2012,PN8,C,100,N,2,0,0,0,0,0,0,0,0,0,0,0,0,0,0,0
08-02-2012,PN8,C,100,N,3,0,3,0,0,0,0,0,0,1,0,1,0,0,0,0
08-02-2012,PN8,C,100,N,4,0,1,0,0,0,0,0,0,0,0,0,0,0,0,0
08-02-2012,PN8,C,100,S,1,0,0,0,0,0,0,0,0,0,0,0,0,0,0,0
08-02-2012,PN8,C,100,S,2,0,0,0,0,0,0,0,0,0,0,0,0,0,0,0
08-02-2012,PN8,C,100,S,3,0,0,0,0,0,0,0,0,0,0,0,0,0,0,0
08-02-2012,PN8,C,100,S,4,0,0,0,0,0,0,0,0,0,0,0,0,0,0,0
08-02-2012,PN8,C,100,E,1,0,2,0,0,0,0,0,0,0,0,0,0,0,0,0
08-02-2012,PN8,C,100,E,2,0,2,0,0,0,0,0,0,0,0,0,0,0,0,0
08-02-2012,PN8,C,100,E,3,0,0,0,0,0,0,0,0,0,0,0,0,0,0,0
08-02-2012,PN8,C,100,E,4,0,0,0,0,0,0,0,0,0,0,0,0,0,0,0
08-02-2012,PN8,C,100,W,1,0,1,0,0,0,0,1,0,0,0,0,0,0,0,0
08-02-2012,PN8,C,100,W,2,0,2,0,0,0,0,0,0,0,0,0,0,0,0,0
08-02-2012,PN8,C,100,W,3,0,0,0,0,0,0,0,0,0,0,0,0,0,0,0
08-02-2012,PN8,C,100,W,4,0,0,0,0,0,0,0,0,0,0,0,0,0,0,0
09-02-2012,FS3,F,,Below,0,0,3,0,0,1,0,0,0,0,1,0,0,0,0,0
09-02-2012,FS3,F,,N,1,0,0,0,0,0,0,0,0,0,0,0,0,0,0,0
09-02-2012,FS3,F,,N,2,0,0,0,0,0,0,0,0,0,0,0,0,0,0,0
09-02-2012,FS3,F,,N,3,0,1,0,0,1,0,0,0,0,0,0,0,0,0,0
09-02-2012,FS3,F,,N,4,0,2,0,0,0,0,0,0,0,0,0,0,0,0,0
09-02-2012,FS3,F,,S,1,0,0,1,0,0,0,0,0,0,0,0,0,0,0,0
09-02-2012,FS3,F,,S,2,0,0,0,0,0,0,0,0,0,0,0,0,0,0,0
09-02-2012,FS3,F,,S,3,0,0,0,0,0,0,0,0,0,0,0,0,0,0,0
09-02-2012,FS3,F,,S,4,0,0,0,0,0,0,0,0,0,0,0,0,0,0,0
09-02-2012,FS3,F,,W,1,0,0,0,0,0,0,0,0,0,0,0,0,0,0,0
09-02-2012,FS3,F,,W,2,0,0,0,0,0,0,0,0,0,0,0,0,0,0,0
09-02-2012,FS3,F,,W,3,0,0,0,0,0,0,0,0,0,0,0,0,0,0,0
09-02-2012,FS3,F,,W,4,0,0,0,0,0,0,0,0,0,0,0,0,0,0,0
09-02-2012,BEL1,D,0,Below,0,0,0,0,0,0,0,0,0,0,0,0,0,0,0,0
09-02-2012,BEL1,D,0,N,1,0,0,0,0,0,0,0,0,0,0,0,0,0,0,0
09-02-2012,BEL1,D,0,N,2,0,0,0,0,0,0,0,0,0,0,0,0,0,0,0
09-02-2012,BEL1,D,0,N,3,0,0,0,0,0,0,0,0,0,0,0,0,0,0,0
09-02-2012,BEL1,D,0,N,4,0,0,0,0,0,0,0,0,0,0,0,0,0,0,0
09-02-2012,BEL1,D,0,S,1,0,0,0,0,0,0,0,0,0,0,0,0,0,0,0
09-02-2012,BEL1,D,0,S,2,0,0,0,0,0,0,0,0,0,0,0,0,0,0,0
09-02-2012,BEL1,D,0,S,3,0,0,0,0,0,0,0,0,0,0,0,0,0,0,0
09-02-2012,BEL1,D,0,S,4,0,0,0,0,0,0,0,0,0,0,0,0,0,0,0
09-02-2012,BEL1,D,0,E,1,0,1,0,0,0,0,0,0,0,0,0,0,0,0,0
09-02-2012,BEL1,D,0,E,2,0,0,0,0,0,0,0,0,0,0,0,0,0,0,0
09-02-2012,BEL1,D,0,E,3,0,0,0,0,0,0,0,0,0,0,0,0,0,0,0
09-02-2012,BEL1,D,0,E,4,0,0,0,0,0,0,0,0,0,0,0,0,0,0,0
09-02-2012,BEL1,D,0,W,1,0,2,0,0,0,0,0,0,0,0,0,0,0,0,0
09-02-2012,BEL1,D,0,W,2,0,3,0,0,0,0,0,0,0,0,0,0,0,0,0
09-02-2012,BEL1,D,0,W,3,0,1,0,0,0,0,0,0,0,0,0,0,0,0,0
09-02-2012,BEL1,D,0,W,4,0,0,0,0,0,0,0,0,0,0,0,0,0,0,0
09-02-2012,FS2,F,,Below,0,0,2,0,0,0,0,0,0,0,0,0,0,1,0,0
09-02-2012,FS2,F,,N,1,0,0,0,0,0,0,0,0,0,0,0,0,0,0,0
09-02-2012,FS2,F,,N,2,0,0,0,0,0,0,0,0,0,0,0,0,0,0,0
09-02-2012,FS2,F,,N,3,0,3,0,0,0,0,0,0,0,0,0,0,0,0,0
09-02-2012,FS2,F,,N,4,0,3,0,0,0,0,0,0,0,0,0,0,0,0,0
09-02-2012,FS2,F,,S,1,0,0,0,0,0,0,0,0,0,0,0,0,0,0,0
09-02-2012,FS2,F,,S,2,0,0,0,0,0,0,0,0,0,0,0,0,0,0,0
09-02-2012,FS2,F,,S,3,0,0,0,0,0,0,0,0,0,0,0,0,0,0,0
09-02-2012,FS2,F,,S,4,0,0,0,0,0,0,0,0,0,0,0,0,0,0,0
09-02-2012,FS2,F,,E,1,0,2,0,0,0,0,0,0,0,0,0,0,0,0,0
09-02-2012,FS2,F,,E,2,0,0,0,0,0,0,0,0,0,0,0,0,0,0,0
09-02-2012,FS2,F,,E,3,0,0,0,0,0,0,0,0,0,0,0,0,0,0,0
09-02-2012,FS2,F,,E,4,0,0,0,0,0,0,0,0,0,0,0,0,0,0,0
09-02-2012,FS2,F,,W,1,0,2,0,0,0,0,0,0,0,0,0,0,0,0,0
09-02-2012,FS2,F,,W,2,0,0,0,0,0,0,0,0,0,0,0,0,0,0,0
09-02-2012,FS2,F,,W,3,0,0,0,0,0,0,0,0,0,0,0,0,0,0,0
09-02-2012,FS2,F,,W,4,0,0,0,0,0,0,0,0,0,0,0,0,0,0,0
09-02-2012,PN7,C,20,Below,0,6,6,0,0,0,0,0,0,0,0,0,0,0,0,0
09-02-2012,PN7,C,20,N,1,0,3,0,0,0,0,0,0,0,0,0,0,0,0,0
09-02-2012,PN7,C,20,N,2,0,0,0,0,0,0,0,0,0,0,0,0,0,0,0
09-02-2012,PN7,C,20,N,3,0,7,0,0,0,0,0,0,0,1,0,0,0,0,0
09-02-2012,PN7,C,20,N,4,0,3,0,0,0,0,0,0,0,0,0,0,0,0,0
09-02-2012,PN7,C,20,S,1,0,1,0,0,0,0,0,0,0,0,0,0,0,0,0
09-02-2012,PN7,C,20,S,2,0,0,0,0,0,0,0,0,0,0,0,0,0,0,0
09-02-2012,PN7,C,20,S,3,0,0,0,0,0,0,0,0,0,0,0,0,0,0,0
09-02-2012,PN7,C,20,S,4,0,0,0,0,0,0,0,0,0,0,0,0,0,0,0
09-02-2012,PN7,C,20,E,1,0,0,0,0,0,0,0,0,0,0,0,0,0,0,0
09-02-2012,PN7,C,20,E,2,0,0,0,0,0,0,0,0,0,0,0,0,0,0,0
09-02-2012,PN7,C,20,E,3,0,0,0,0,0,0,0,0,0,0,0,0,0,0,0
09-02-2012,PN7,C,20,E,4,0,1,0,0,0,0,0,0,0,0,0,0,0,0,0
09-02-2012,PN7,C,20,W,1,0,0,0,0,0,0,0,0,0,0,0,0,0,0,0
09-02-2012,PN7,C,20,W,2,0,0,0,0,0,0,0,0,0,0,0,0,0,0,0
09-02-2012,PN7,C,20,W,3,0,0,0,0,0,0,0,0,0,0,0,0,0,0,0
09-02-2012,PN7,C,20,W,4,0,0,0,0,0,0,0,0,0,0,0,0,0,0,0
10-02-2012,ES2,E,,Below,0,0,1,0,0,0,0,0,0,0,0,0,0,0,0,0
10-02-2012,AIL1,E,,Below,0,0,0,0,0,0,0,0,0,0,1,0,0,0,0,0
10-02-2012,BEL2,D,0,Below,0,0,1,3,0,0,0,0,0,0,0,0,0,0,0,0
10-02-2012,BEL2,D,0,N,1,0,0,0,0,0,0,0,0,0,0,0,0,0,0,0
10-02-2012,BEL2,D,0,N,2,0,0,0,0,0,0,0,0,0,0,0,0,0,0,0
10-02-2012,BEL2,D,0,N,3,0,0,1,0,0,0,0,0,0,0,0,0,0,0,0
10-02-2012,BEL2,D,0,N,4,0,0,0,0,0,0,0,0,0,0,0,0,0,0,0
10-02-2012,BEL2,D,0,S,1,0,0,0,0,0,0,0,0,0,0,0,0,0,0,0
10-02-2012,BEL2,D,0,S,2,0,0,0,0,0,0,0,0,0,0,0,0,0,0,0
10-02-2012,BEL2,D,0,S,3,0,0,0,0,0,0,0,0,0,0,0,0,0,0,0
10-02-2012,BEL2,D,0,S,4,0,0,0,0,0,0,0,0,0,0,0,0,0,0,0
10-02-2012,BEL2,D,0,E,1,0,0,0,0,0,0,0,0,0,0,0,0,0,0,0
10-02-2012,BEL2,D,0,E,2,0,0,0,0,0,0,0,0,0,0,0,0,0,0,0
10-02-2012,BEL2,D,0,E,3,0,0,0,0,0,0,0,0,0,0,0,0,0,0,0
10-02-2012,BEL2,D,0,E,4,0,0,0,0,0,0,0,0,0,0,0,0,0,0,0
10-02-2012,BEL2,D,0,W,1,0,0,0,0,0,0,0,0,0,0,0,0,0,0,0
10-02-2012,BEL2,D,0,W,2,0,0,0,0,0,0,0,0,0,0,0,0,0,0,0
10-02-2012,BEL2,D,0,W,3,0,0,0,0,0,0,0,0,0,0,0,0,0,0,0
10-02-2012,BEL2,D,0,W,4,0,0,0,0,0,0,0,0,0,0,0,0,0,0,0
10-02-2012,PN9,C,300,Below,0,3,12,0,0,0,0,0,0,1,0,0,0,0,0,0
10-02-2012,PN9,C,300,N,1,0,0,0,0,0,0,0,0,0,0,0,0,0,0,0
10-02-2012,PN9,C,300,N,2,0,1,0,0,0,0,0,0,0,0,0,0,0,0,0
10-02-2012,PN9,C,300,N,3,0,0,0,0,0,0,0,0,0,0,0,0,0,0,0
10-02-2012,PN9,C,300,N,4,0,0,0,0,0,0,0,0,0,0,0,0,0,0,0
10-02-2012,PN9,C,300,S,1,0,0,0,0,0,0,0,0,0,0,0,0,0,0,0
10-02-2012,PN9,C,300,S,2,0,0,0,0,0,0,0,0,0,0,0,0,0,0,0
10-02-2012,PN9,C,300,S,3,0,1,0,0,0,0,0,0,0,0,0,0,0,0,0
10-02-2012,PN9,C,300,S,4,0,0,0,0,0,0,0,0,0,0,0,0,0,0,0
10-02-2012,PN9,C,300,E,1,0,0,0,0,0,0,0,0,0,0,0,0,0,0,0
10-02-2012,PN9,C,300,E,2,0,0,0,0,0,0,0,0,0,0,0,0,0,0,0
10-02-2012,PN9,C,300,E,3,0,1,0,0,0,0,0,0,0,0,0,0,0,0,0
10-02-2012,PN9,C,300,E,4,0,0,0,0,0,0,0,0,0,0,0,0,0,0,0
10-02-2012,PN9,C,300,W,1,0,0,0,0,0,0,0,0,0,0,0,0,0,0,0
10-02-2012,PN9,C,300,W,2,0,1,0,0,0,0,0,0,0,0,0,0,0,0,0
10-02-2012,PN9,C,300,W,3,0,1,0,0,0,0,0,0,0,0,0,0,0,0,0
10-02-2012,PN9,C,300,W,4,0,1,0,0,0,0,0,0,0,0,0,0,0,0,0
11-02-2012,AIL3,E,,Below,0,0,0,0,0,0,0,0,0,0,0,0,0,0,0,0
11-02-2012,ECC1,D,300,Below,0,0,0,0,0,66,0,0,0,0,0,0,0,1,0,0
11-02-2012,ECC1,D,300,N,1,0,0,0,0,0,0,0,0,0,0,0,0,0,0,0
11-02-2012,ECC1,D,300,N,2,0,0,0,0,1,0,0,0,0,0,0,0,0,0,0
11-02-2012,ECC1,D,300,N,3,0,0,0,0,0,0,0,0,0,0,0,0,0,0,0
11-02-2012,ECC1,D,300,N,4,0,0,0,0,0,0,0,0,0,0,0,0,0,0,0
11-02-2012,ECC1,D,300,S,1,0,0,0,0,0,0,0,0,0,0,0,0,0,0,0
11-02-2012,ECC1,D,300,S,2,0,0,0,0,0,0,0,0,0,0,0,0,0,0,0
11-02-2012,ECC1,D,300,S,3,0,0,0,0,2,0,0,0,0,0,0,0,0,0,0
11-02-2012,ECC1,D,300,S,4,0,0,0,0,0,0,0,0,0,0,0,0,0,0,0
11-02-2012,ECC2,D,100,Below,0,0,0,0,0,16,0,0,0,0,0,0,0,0,0,0
11-02-2012,ECC2,D,100,N,1,0,0,0,0,1,0,0,0,0,0,0,0,0,0,0
11-02-2012,ECC2,D,100,N,2,0,0,0,0,1,0,0,0,0,0,0,0,0,0,0
11-02-2012,ECC2,D,100,N,3,0,0,0,0,0,0,0,0,0,0,0,0,0,0,0
11-02-2012,ECC2,D,100,N,4,0,0,0,0,2,0,0,0,0,0,0,0,0,0,0
11-02-2012,ECC2,D,100,S,1,0,0,0,0,1,0,0,0,0,0,0,0,0,0,0
11-02-2012,ECC2,D,100,S,2,0,0,0,0,0,0,0,0,0,0,0,0,0,0,0
11-02-2012,ECC2,D,100,S,3,0,0,0,0,0,0,0,0,0,0,0,0,0,0,0
11-02-2012,ECC2,D,100,S,4,0,0,0,0,0,0,0,0,0,0,0,0,0,0,0
11-02-2012,ECC2,D,100,E,1,0,0,0,0,0,0,0,0,0,0,0,0,0,0,0
11-02-2012,ECC2,D,100,E,2,0,0,0,0,0,0,0,0,0,0,0,0,0,0,0
11-02-2012,ECC2,D,100,E,3,0,0,0,0,0,0,0,0,0,0,0,0,0,0,0
11-02-2012,ECC2,D,100,E,4,0,0,0,0,0,0,0,0,0,0,0,0,0,0,0
11-02-2012,ECC2,D,100,W,1,0,0,0,0,0,0,0,0,0,0,0,0,0,0,0
11-02-2012,ECC2,D,100,W,2,0,0,0,0,1,0,0,0,0,0,0,0,0,0,0
11-02-2012,ECC2,D,100,W,3,0,0,0,0,0,0,0,0,0,0,0,0,0,0,0
11-02-2012,ECC2,D,100,W,4,0,0,0,0,0,0,0,0,0,0,0,0,0,0,0
11-02-2012,AIL4,E,,Below,0,0,0,0,0,0,0,0,0,0,0,0,0,0,0,0
11-02-2012,AIL5,E,,Below,0,0,0,0,0,0,0,0,0,0,0,0,0,0,0,0
11-02-2012,ECC3,D,20,Below,0,0,0,0,0,3,0,0,0,0,0,0,0,0,0,0
11-02-2012,ECC3,D,20,N,1,0,1,0,0,0,0,0,0,0,0,0,0,0,0,0
11-02-2012,ECC3,D,20,N,2,0,0,0,0,0,0,0,0,0,0,0,0,0,0,0
11-02-2012,ECC3,D,20,N,3,0,0,0,0,0,0,0,0,0,0,0,0,0,0,0
11-02-2012,ECC3,D,20,N,4,0,1,0,0,0,0,0,0,0,0,0,0,0,0,0
11-02-2012,ECC3,D,20,S,1,0,0,0,0,0,0,0,0,0,0,0,0,0,0,0
11-02-2012,ECC3,D,20,S,2,0,0,0,0,0,0,0,0,0,0,0,0,0,0,0
11-02-2012,ECC3,D,20,S,3,0,0,0,0,0,0,0,0,0,0,0,0,0,0,0
11-02-2012,ECC3,D,20,S,4,0,0,0,0,0,0,0,0,0,0,0,0,0,0,0
11-02-2012,ECC3,D,20,E,1,0,0,0,0,0,0,0,0,0,0,0,0,0,0,0
11-02-2012,ECC3,D,20,E,2,0,0,0,0,0,0,0,0,0,0,0,0,0,0,0
11-02-2012,ECC3,D,20,E,3,0,0,0,0,0,0,0,0,0,0,0,0,0,0,0
11-02-2012,ECC3,D,20,E,4,0,0,0,0,0,0,0,0,0,0,0,0,0,0,0
11-02-2012,ECC3,D,20,W,1,0,1,0,0,0,0,0,0,0,0,0,0,0,0,0
11-02-2012,ECC3,D,20,W,2,0,0,0,0,0,0,0,0,0,0,0,0,0,0,0
11-02-2012,ECC3,D,20,W,3,0,0,0,0,1,0,0,0,0,0,0,0,0,0,0
11-02-2012,ECC3,D,20,W,4,0,0,0,0,0,0,0,0,0,0,0,0,0,0,0
13-02-2012,PN1,C,200,Below,0,81,81,0,0,0,0,0,0,0,0,0,0,0,0,0
13-02-2012,PN1,C,200,N,1,0,4,0,0,0,0,0,0,0,0,0,0,0,0,0
13-02-2012,PN1,C,200,N,2,0,0,0,0,0,0,0,0,0,0,0,0,0,0,0
13-02-2012,PN1,C,200,N,3,0,0,0,0,0,0,0,0,0,0,0,0,0,0,0
13-02-2012,PN1,C,200,N,4,0,0,0,1,0,0,0,0,0,0,0,0,0,0,0
13-02-2012,PN1,C,200,S,1,0,1,0,0,0,0,0,0,0,0,0,0,0,0,0
13-02-2012,PN1,C,200,S,2,0,0,0,0,0,0,0,0,0,0,0,0,0,0,0
13-02-2012,PN1,C,200,S,3,0,1,0,0,0,0,0,0,0,0,0,0,0,0,0
13-02-2012,PN1,C,200,S,4,0,0,0,0,0,0,0,0,0,0,0,0,0,0,0
13-02-2012,PN1,C,200,E,1,0,2,0,0,0,0,0,0,0,0,0,0,0,0,0
13-02-2012,PN1,C,200,E,2,0,1,0,0,0,0,0,0,0,0,0,0,0,0,0
13-02-2012,PN1,C,200,E,3,0,1,0,0,0,0,0,0,0,0,0,0,0,0,0
13-02-2012,PN1,C,200,E,4,0,1,0,0,0,0,0,0,0,0,0,0,0,0,0
13-02-2012,PN1,C,200,W,1,0,0,0,0,0,0,0,0,0,0,0,0,0,0,0
13-02-2012,PN1,C,200,W,2,0,0,0,1,0,0,0,0,0,0,0,0,0,0,0
13-02-2012,PN1,C,200,W,3,0,0,0,0,0,0,0,0,0,0,0,0,0,0,0
13-02-2012,PN1,C,200,W,4,0,0,0,0,0,0,0,0,0,0,0,0,0,0,0
13-02-2012,PN2,C,50,Below,0,22,18,0,0,0,0,0,0,0,0,0,0,0,0,0
13-02-2012,PN2,C,50,N,1,0,0,0,0,0,0,0,0,0,0,0,0,0,0,0
13-02-2012,PN2,C,50,N,2,0,0,0,0,0,0,0,0,0,0,0,0,0,0,0
13-02-2012,PN2,C,50,N,3,0,0,0,0,0,0,0,0,0,0,0,0,0,0,0
13-02-2012,PN2,C,50,N,4,0,1,0,0,0,0,0,0,0,0,0,0,0,0,0
13-02-2012,PN2,C,50,S,1,0,1,0,0,0,0,0,0,0,0,0,0,0,0,0
13-02-2012,PN2,C,50,S,2,0,1,0,0,0,0,0,0,0,0,0,0,0,0,0
13-02-2012,PN2,C,50,S,3,0,0,0,0,0,0,0,0,0,0,0,0,0,0,0
13-02-2012,PN2,C,50,S,4,0,0,0,0,0,0,0,0,0,0,0,0,0,0,0
13-02-2012,PN2,C,50,E,1,0,1,0,0,0,0,0,0,0,0,0,0,0,0,0
13-02-2012,PN2,C,50,E,2,0,2,0,0,0,0,0,0,0,0,0,0,0,0,0
13-02-2012,PN2,C,50,E,3,0,0,0,0,0,0,0,0,0,0,0,0,0,0,0
13-02-2012,PN2,C,50,E,4,0,0,0,0,0,0,0,0,0,0,0,0,0,0,0
13-02-2012,PN2,C,50,W,1,0,2,0,0,0,0,0,0,0,0,0,0,0,0,0
13-02-2012,PN2,C,50,W,2,0,1,0,0,0,0,0,0,0,0,0,0,0,0,0
13-02-2012,PN2,C,50,W,3,0,0,0,0,0,0,0,0,0,0,0,0,0,0,0
13-02-2012,PN2,C,50,W,4,0,0,0,0,0,0,0,0,0,0,0,0,0,0,0
13-02-2012,FS4,F,,Below,0,0,1,0,0,0,0,0,0,0,1,0,0,0,0,0
13-02-2012,FS4,F,,N,1,0,0,0,0,0,0,0,0,0,0,0,0,0,0,0
13-02-2012,FS4,F,,N,2,0,0,0,0,0,0,0,0,0,0,0,0,0,0,0
13-02-2012,FS4,F,,N,3,0,0,0,0,0,0,0,0,0,0,0,0,1,0,0
13-02-2012,FS4,F,,N,4,0,0,0,0,0,0,0,0,0,0,0,0,0,0,0
13-02-2012,FS4,F,,S,1,0,0,0,0,0,0,0,0,0,0,0,0,0,0,0
13-02-2012,FS4,F,,S,2,0,0,0,0,0,0,0,0,0,0,0,0,0,0,0
13-02-2012,FS4,F,,S,3,0,0,0,0,0,0,0,0,0,0,0,0,0,0,0
13-02-2012,FS4,F,,S,4,0,0,0,0,0,0,0,0,0,0,0,0,0,0,0
13-02-2012,FS4,F,,E,1,0,0,0,0,0,0,0,0,0,0,0,0,0,0,0
13-02-2012,FS4,F,,E,2,0,0,0,0,0,0,0,0,0,0,0,0,0,0,0
13-02-2012,FS4,F,,E,3,0,0,0,0,0,0,0,0,0,0,0,0,0,0,0
13-02-2012,FS4,F,,E,4,0,1,0,0,0,0,0,0,1,0,0,0,0,0,0
13-02-2012,FS4,F,,W,1,0,0,0,0,0,0,0,0,0,0,0,0,0,0,0
13-02-2012,FS4,F,,W,2,0,0,0,0,0,0,0,0,0,0,0,0,0,0,0
13-02-2012,FS4,F,,W,3,0,0,0,0,0,0,0,0,0,0,0,0,0,0,0
13-02-2012,FS4,F,,W,4,0,0,0,0,0,0,0,0,0,0,0,0,0,0,0
13-02-2012,AIL2,E,,Below,0,0,0,0,0,0,0,0,0,0,0,0,0,0,0,0
13-02-2012,ES1,E,,Below,0,0,0,0,0,0,0,0,0,0,0,0,0,0,0,0
14-02-2012,FS1,F,,Below,0,0,1,0,0,0,0,0,0,0,0,0,0,0,0,0
14-02-2012,FS1,F,,N,1,0,0,0,0,0,0,0,0,0,0,0,0,0,0,0
14-02-2012,FS1,F,,N,2,0,0,0,0,0,0,0,0,0,0,0,0,0,0,0
14-02-2012,FS1,F,,N,3,0,0,0,0,0,0,0,0,0,0,0,0,0,0,0
14-02-2012,FS1,F,,N,4,0,0,0,0,0,0,0,0,0,0,0,0,0,0,0
14-02-2012,FS1,F,,S,1,0,0,0,0,0,0,0,0,0,0,0,0,0,0,0
14-02-2012,FS1,F,,S,2,0,0,0,0,0,0,0,0,0,0,0,0,0,0,0
14-02-2012,FS1,F,,S,3,0,0,0,0,0,0,0,0,0,0,0,0,0,0,0
14-02-2012,FS1,F,,S,4,0,0,0,0,0,0,0,0,0,0,0,0,0,0,0
14-02-2012,FS1,F,,E,1,0,0,0,0,0,0,0,0,0,0,0,0,0,0,0
14-02-2012,FS1,F,,E,2,0,0,0,0,0,0,0,0,0,0,0,0,0,0,0
14-02-2012,FS1,F,,E,3,0,0,0,0,0,0,0,0,0,0,0,0,0,0,0
14-02-2012,FS1,F,,E,4,0,3,0,0,0,0,0,0,0,0,0,0,0,0,0
14-02-2012,FS1,F,,W,1,0,0,0,0,0,0,0,0,0,0,0,0,0,0,0
14-02-2012,FS1,F,,W,2,0,0,0,0,0,0,0,0,0,0,0,0,0,0,0
14-02-2012,FS1,F,,W,3,0,0,0,0,0,0,0,0,0,0,0,0,0,0,0
14-02-2012,FS1,F,,W,4,0,0,0,0,0,0,0,0,0,0,0,0,0,0,0
14-02-2012,PN5,C,200,Below,0,16,12,0,0,0,0,0,0,0,0,0,0,0,0,0
14-02-2012,PN5,C,200,S,1,0,0,0,0,0,0,0,0,0,0,0,0,0,0,0
14-02-2012,PN5,C,200,S,2,0,0,0,0,0,0,0,0,0,0,0,0,0,0,0
14-02-2012,PN5,C,200,S,3,0,0,0,0,0,0,0,0,0,0,0,0,0,0,0
14-02-2012,PN5,C,200,S,4,0,0,0,0,0,0,0,0,0,0,0,0,0,0,0
14-02-2012,PN5,C,200,E,1,0,0,0,0,0,0,0,0,0,0,0,0,0,0,0
14-02-2012,PN5,C,200,E,2,0,0,0,0,0,0,0,0,0,0,0,0,0,0,0
14-02-2012,PN5,C,200,E,3,0,0,0,0,0,0,0,0,0,0,0,0,0,0,0
14-02-2012,PN5,C,200,E,4,0,0,0,0,0,0,0,0,0,0,0,0,0,0,0
14-02-2012,PN5,C,200,W,1,0,1,0,0,0,0,0,0,0,0,0,0,0,0,0
14-02-2012,PN5,C,200,W,2,0,0,0,0,0,0,0,0,0,0,0,0,0,0,0
14-02-2012,PN5,C,200,W,3,0,0,0,0,0,0,0,0,0,0,0,0,0,0,0
14-02-2012,PN5,C,200,W,4,0,0,0,0,0,0,0,0,0,0,0,0,0,0,0
14-02-2012,PN4,C,20,Below,0,4,30,0,0,0,0,0,0,0,0,0,0,0,0,0
14-02-2012,PN4,C,20,N,1,0,6,0,0,0,0,0,0,0,0,0,0,0,0,0
14-02-2012,PN4,C,20,N,2,0,0,0,0,0,0,0,0,0,0,0,0,0,0,0
14-02-2012,PN4,C,20,N,3,0,0,0,0,0,0,0,0,0,0,0,0,0,0,0
14-02-2012,PN4,C,20,N,4,0,0,3,0,0,0,0,0,0,0,0,0,0,0,0
14-02-2012,PN4,C,20,S,1,0,0,0,0,0,0,0,0,0,0,0,0,0,0,0
14-02-2012,PN4,C,20,S,2,0,1,0,0,0,0,0,0,0,0,0,0,0,0,0
14-02-2012,PN4,C,20,S,3,0,0,0,0,0,0,0,0,0,0,0,0,0,0,0
14-02-2012,PN4,C,20,S,4,0,1,0,0,0,0,0,0,0,0,0,0,0,1,0
14-02-2012,PN4,C,20,E,1,0,5,0,0,0,0,0,0,0,0,0,0,0,0,0
14-02-2012,PN4,C,20,E,2,0,0,0,0,0,0,0,0,0,0,0,0,0,0,0
14-02-2012,PN4,C,20,E,3,0,0,0,0,0,0,0,0,0,0,0,0,0,0,0
14-02-2012,PN4,C,20,E,4,0,0,0,0,0,0,0,0,0,0,0,0,0,0,0
14-02-2012,PN4,C,20,W,1,0,0,0,0,0,0,0,0,0,0,0,0,0,0,0
14-02-2012,PN4,C,20,W,2,0,1,0,0,0,0,0,0,0,0,0,0,0,0,0
14-02-2012,PN4,C,20,W,3,0,2,0,0,0,0,0,0,0,0,0,0,0,0,0
14-02-2012,PN4,C,20,W,4,0,1,0,0,0,0,0,0,0,0,0,0,0,0,0
15-02-2012,PN7,C,20,Below,0,4,3,0,0,0,0,0,0,0,0,0,0,0,0,0
15-02-2012,PN7,C,20,N,1,0,0,0,0,0,0,0,0,0,0,0,0,0,0,0
15-02-2012,PN7,C,20,N,2,0,0,0,0,0,0,0,0,0,0,0,0,0,0,0
15-02-2012,PN7,C,20,N,3,0,0,0,0,0,0,0,0,0,0,0,0,0,0,0
15-02-2012,PN7,C,20,N,4,0,3,0,0,0,0,0,0,0,0,0,0,0,0,0
15-02-2012,PN7,C,20,S,1,0,0,0,0,0,0,0,0,0,0,0,0,0,0,0
15-02-2012,PN7,C,20,S,2,0,0,0,0,0,0,0,0,0,0,0,0,0,0,0
15-02-2012,PN7,C,20,S,3,0,0,0,0,0,0,0,0,0,0,0,0,0,0,0
15-02-2012,PN7,C,20,S,4,0,0,0,1,0,0,0,0,0,0,0,0,0,0,0
15-02-2012,PN7,C,20,E,1,0,0,0,0,0,0,0,0,0,0,0,0,0,0,0
15-02-2012,PN7,C,20,E,2,0,0,0,0,0,0,0,0,0,0,0,0,0,0,0
15-02-2012,PN7,C,20,E,3,0,0,0,0,0,0,0,0,0,0,0,0,0,0,0
15-02-2012,PN7,C,20,E,4,0,0,0,0,0,0,0,0,0,0,0,0,0,0,0
15-02-2012,PN7,C,20,W,1,0,0,0,0,0,0,0,0,0,0,0,0,0,0,0
15-02-2012,PN7,C,20,W,2,0,0,0,0,0,0,0,0,0,0,0,0,0,0,0
15-02-2012,PN7,C,20,W,3,0,0,0,0,0,0,0,0,0,0,0,0,0,0,0
15-02-2012,PN7,C,20,W,4,0,0,0,0,0,0,0,0,0,0,0,0,0,0,0
15-02-2012,FS2,F,,Below,0,0,0,0,0,0,0,0,0,0,2,0,0,0,0,0
15-02-2012,FS2,F,,N,1,0,0,0,0,0,0,0,0,0,0,0,0,0,0,0
15-02-2012,FS2,F,,N,2,0,0,0,0,0,0,0,0,0,0,0,0,0,0,0
15-02-2012,FS2,F,,N,3,0,0,0,0,0,0,0,0,0,0,0,0,0,0,0
15-02-2012,FS2,F,,N,4,0,0,0,0,0,0,0,0,0,0,0,0,0,0,0
15-02-2012,FS2,F,,S,1,0,0,0,0,0,0,0,0,0,0,0,0,0,0,0
15-02-2012,FS2,F,,S,2,0,0,0,0,0,0,0,0,0,0,0,0,0,0,0
15-02-2012,FS2,F,,S,3,0,0,0,0,0,0,0,0,0,0,0,0,0,0,0
15-02-2012,FS2,F,,S,4,0,9,0,0,0,0,0,0,0,0,0,0,0,0,0
15-02-2012,FS2,F,,E,1,0,0,0,0,0,0,0,0,0,0,0,0,0,0,0
15-02-2012,FS2,F,,E,2,0,0,0,0,0,0,0,0,0,0,0,0,0,0,0
15-02-2012,FS2,F,,E,3,0,0,0,0,0,0,0,0,0,0,0,0,0,0,0
15-02-2012,FS2,F,,E,4,0,0,0,0,0,0,0,0,0,0,0,0,0,0,0
15-02-2012,FS2,F,,W,1,0,0,0,0,0,0,0,0,0,0,0,0,0,0,0
15-02-2012,FS2,F,,W,2,0,0,0,0,0,0,0,0,0,0,0,0,0,0,0
15-02-2012,FS2,F,,W,3,0,0,0,0,0,0,0,0,0,0,0,0,0,0,0
15-02-2012,FS2,F,,W,4,0,0,0,0,0,0,0,0,0,0,0,0,0,0,0
15-02-2012,BEL1,D,20,Below,0,0,2,1,0,0,0,0,0,0,0,1,0,0,0,0
15-02-2012,BEL1,D,20,N,1,0,0,0,0,0,0,0,0,0,0,0,0,0,0,0
15-02-2012,BEL1,D,20,N,2,0,1,0,0,0,0,0,0,0,0,0,0,0,0,0
15-02-2012,BEL1,D,20,N,3,0,0,0,0,0,0,0,0,0,0,0,0,0,0,0
15-02-2012,BEL1,D,20,N,4,0,1,0,0,0,0,0,0,0,0,0,0,0,0,0
15-02-2012,BEL1,D,20,S,1,0,2,0,0,0,0,0,0,0,0,0,0,0,0,0
15-02-2012,BEL1,D,20,S,2,0,5,1,0,0,0,0,0,0,0,0,0,0,0,0
15-02-2012,BEL1,D,20,S,3,0,2,0,0,0,0,0,0,0,0,0,0,0,0,0
15-02-2012,BEL1,D,20,S,4,0,0,0,0,0,0,0,0,0,0,0,0,0,0,0
15-02-2012,BEL1,D,20,E,1,0,0,0,0,0,0,0,0,0,0,0,0,0,0,0
15-02-2012,BEL1,D,20,E,2,0,0,0,0,0,0,0,0,0,0,0,0,0,0,0
15-02-2012,BEL1,D,20,E,3,0,0,0,0,0,0,0,0,0,0,0,0,0,0,0
15-02-2012,BEL1,D,20,E,4,0,0,0,0,0,0,0,0,0,0,0,0,0,0,0
15-02-2012,BEL1,D,20,W,1,0,0,0,0,0,0,0,0,0,0,0,0,0,0,0
15-02-2012,BEL1,D,20,W,2,0,0,0,0,0,0,0,0,0,0,0,0,0,0,0
15-02-2012,BEL1,D,20,W,3,0,0,0,0,0,0,0,0,0,0,0,0,0,0,0
15-02-2012,BEL1,D,20,W,4,0,0,0,0,0,0,0,0,0,0,0,0,0,0,0
15-02-2012,FS3,F,,Below,0,0,1,0,1,0,0,0,0,0,0,0,0,0,0,0
15-02-2012,FS3,F,,N,1,0,0,0,0,0,0,0,0,0,0,0,0,0,0,0
15-02-2012,FS3,F,,N,2,0,0,0,0,0,0,0,0,0,0,0,0,0,0,0
15-02-2012,FS3,F,,N,3,0,0,0,0,0,0,0,0,0,0,0,0,0,0,0
15-02-2012,FS3,F,,N,4,0,1,0,0,0,0,0,0,0,0,0,0,0,0,0
15-02-2012,FS3,F,,S,1,0,0,0,0,0,0,0,0,0,0,0,0,0,0,0
15-02-2012,FS3,F,,S,2,0,0,0,0,0,0,0,0,0,0,0,0,0,0,0
15-02-2012,FS3,F,,S,3,0,0,0,0,0,0,0,0,0,0,0,0,0,0,0
15-02-2012,FS3,F,,S,4,0,0,0,0,0,0,0,0,0,0,0,0,0,0,0
15-02-2012,FS3,F,,W,1,0,0,0,0,0,0,0,0,0,0,0,0,0,0,0
15-02-2012,FS3,F,,W,2,0,0,0,0,0,0,0,0,0,0,0,0,0,0,0
15-02-2012,FS3,F,,W,3,0,0,0,0,0,0,0,0,0,0,0,0,0,0,0
15-02-2012,FS3,F,,W,4,0,0,0,0,0,0,0,0,0,0,0,0,0,0,0
17-02-2012,PN6,C,250,Below,0,21,21,0,0,0,0,0,0,0,0,0,0,0,0,0
17-02-2012,PN6,C,250,N,1,0,1,0,0,0,0,0,0,0,0,0,0,0,0,0
17-02-2012,PN6,C,250,N,2,0,3,0,0,0,0,0,0,0,0,0,0,0,0,0
17-02-2012,PN6,C,250,N,3,0,2,0,0,0,0,0,0,0,0,0,0,0,0,0
17-02-2012,PN6,C,250,N,4,0,1,0,0,0,0,0,0,0,0,0,0,0,0,0
17-02-2012,PN6,C,250,W,1,0,5,0,0,0,0,0,0,0,0,0,0,0,0,0
17-02-2012,PN6,C,250,W,2,0,8,0,0,0,0,0,0,0,0,0,0,0,0,0
17-02-2012,PN6,C,250,W,3,0,4,0,0,0,0,0,0,0,0,0,0,0,0,0
17-02-2012,PN6,C,250,W,4,0,0,0,0,0,0,0,0,0,0,0,0,0,0,0
17-02-2012,PN8,C,1100,Below,0,3,18,0,0,0,0,0,0,0,0,0,0,0,0,0
17-02-2012,PN8,C,1100,N,1,0,0,0,0,0,0,0,0,0,0,0,0,0,0,0
17-02-2012,PN8,C,1100,N,2,0,0,0,0,0,0,0,0,0,0,0,0,0,0,0
17-02-2012,PN8,C,1100,N,3,0,0,0,0,0,0,0,0,0,1,0,0,0,0,0
17-02-2012,PN8,C,1100,N,4,0,0,0,0,0,0,0,0,0,0,0,0,0,0,0
17-02-2012,PN8,C,1100,S,1,0,1,0,0,0,0,0,0,0,0,0,0,0,0,0
17-02-2012,PN8,C,1100,S,2,0,1,0,0,0,0,0,0,0,0,0,0,0,0,0
17-02-2012,PN8,C,1100,S,3,0,0,0,0,0,0,0,0,0,0,0,0,0,0,0
17-02-2012,PN8,C,1100,S,4,0,0,0,0,0,0,0,0,0,0,0,0,0,1,0
17-02-2012,PN8,C,1100,E,1,0,0,0,0,0,0,0,0,0,0,0,0,0,0,0
17-02-2012,PN8,C,1100,E,2,0,2,0,0,0,0,0,0,0,0,0,0,0,0,0
17-02-2012,PN8,C,1100,E,3,0,1,0,0,0,0,0,0,0,0,0,0,0,0,0
17-02-2012,PN8,C,1100,E,4,0,0,0,0,0,0,0,0,0,0,0,0,0,0,0
17-02-2012,PN8,C,1100,W,1,0,1,0,0,0,0,0,0,0,0,0,0,0,0,0
17-02-2012,PN8,C,1100,W,2,0,1,0,0,0,0,0,0,0,1,0,0,0,0,0
17-02-2012,PN8,C,1100,W,3,0,0,0,0,0,0,0,0,0,0,0,0,0,0,0
17-02-2012,PN8,C,1100,W,4,0,0,0,0,0,0,0,0,2,0,0,0,0,0,0
17-02-2012,PN9,C,200,Below,0,7,37,0,0,0,0,0,0,0,0,0,0,0,0,0
17-02-2012,PN9,C,200,N,1,0,1,0,0,0,0,0,0,0,0,0,0,0,0,0
17-02-2012,PN9,C,200,N,2,0,1,0,0,0,0,0,0,0,0,0,0,0,0,0
17-02-2012,PN9,C,200,N,3,0,0,0,0,0,0,0,0,0,0,0,0,0,0,0
17-02-2012,PN9,C,200,N,4,0,0,0,0,0,0,0,0,0,0,0,0,0,0,0
17-02-2012,PN9,C,200,S,1,0,0,0,0,0,0,0,0,0,0,0,0,0,0,0
17-02-2012,PN9,C,200,S,2,0,1,0,0,0,0,0,0,0,0,0,0,0,0,0
17-02-2012,PN9,C,200,S,3,0,0,0,0,0,0,0,0,0,0,0,0,0,0,0
17-02-2012,PN9,C,200,S,4,0,0,0,0,0,0,0,0,0,0,0,0,0,0,0
17-02-2012,PN9,C,200,E,1,0,0,0,0,0,0,0,0,0,0,0,0,0,0,0
17-02-2012,PN9,C,200,E,2,0,2,0,0,0,0,0,0,0,0,0,0,0,0,0
17-02-2012,PN9,C,200,E,3,0,3,0,0,0,0,0,0,0,0,0,0,0,0,0
17-02-2012,PN9,C,200,E,4,0,0,0,0,0,0,0,0,0,0,0,0,0,0,0
17-02-2012,PN9,C,200,W,1,0,0,0,0,0,0,0,0,0,0,0,0,0,0,0
17-02-2012,PN9,C,200,W,2,0,1,0,0,0,0,0,0,0,0,0,0,0,0,0
17-02-2012,PN9,C,200,W,3,0,0,0,0,0,0,0,0,0,0,0,0,0,0,0
17-02-2012,PN9,C,200,W,4,0,2,0,0,0,0,0,0,0,0,0,0,0,0,0
17-02-2012,AIL1,E,,Below,0,0,0,1,0,0,0,0,0,0,0,0,0,0,0,0
17-02-2012,ES2,E,,Below,0,0,0,0,0,0,0,0,0,0,0,0,0,0,0,0
18-02-2012,ECC1,D,60,Below,0,0,0,0,0,4,0,0,0,0,0,0,0,0,0,0
18-02-2012,ECC1,D,60,N,1,0,0,0,0,0,0,0,0,0,0,0,0,0,0,0
18-02-2012,ECC1,D,60,N,2,0,0,0,0,0,0,0,0,0,0,0,0,0,0,0
18-02-2012,ECC1,D,60,N,3,0,0,0,0,0,0,0,0,0,0,0,0,0,0,0
18-02-2012,ECC1,D,60,N,4,0,0,0,0,0,0,0,0,0,0,0,0,0,0,0
18-02-2012,ECC1,D,60,S,1,0,0,0,0,0,0,0,0,0,0,0,0,0,0,0
18-02-2012,ECC1,D,60,S,2,0,0,0,0,0,0,0,0,0,0,0,0,0,0,0
18-02-2012,ECC1,D,60,S,3,0,0,0,0,0,0,0,0,0,0,0,0,0,0,0
18-02-2012,ECC1,D,60,S,4,0,0,0,0,0,0,0,0,0,0,0,0,0,0,0
18-02-2012,ECC2,D,100,Below,0,0,0,0,0,1,0,0,0,0,0,0,0,0,0,0
18-02-2012,ECC2,D,100,N,1,0,0,0,0,0,0,0,0,0,0,0,0,0,0,0
18-02-2012,ECC2,D,100,N,2,0,0,0,0,0,0,0,0,0,0,0,0,0,0,0
18-02-2012,ECC2,D,100,N,3,0,0,0,0,0,0,0,0,0,0,0,0,0,0,0
18-02-2012,ECC2,D,100,N,4,0,0,0,0,0,0,0,0,0,0,0,0,0,0,0
18-02-2012,ECC2,D,100,S,1,0,0,0,0,0,0,0,0,0,0,0,0,0,0,0
18-02-2012,ECC2,D,100,S,2,0,0,0,0,0,0,0,0,0,0,0,0,0,0,0
18-02-2012,ECC2,D,100,S,3,0,0,0,0,0,0,0,0,0,0,0,0,0,0,0
18-02-2012,ECC2,D,100,S,4,0,0,0,0,0,0,0,0,0,0,0,0,0,0,0
18-02-2012,ECC2,D,100,E,1,0,0,0,0,0,0,0,0,0,0,0,0,0,0,0
18-02-2012,ECC2,D,100,E,2,0,0,0,0,0,0,0,0,0,0,0,0,0,0,0
18-02-2012,ECC2,D,100,E,3,0,0,0,0,0,0,0,0,0,0,0,0,0,0,0
18-02-2012,ECC2,D,100,E,4,0,0,0,0,0,0,0,0,0,0,0,0,0,0,0
18-02-2012,ECC2,D,100,W,1,0,0,0,0,0,0,0,0,0,0,0,0,0,0,0
18-02-2012,ECC2,D,100,W,2,0,0,0,0,0,0,0,0,0,0,0,0,0,0,0
18-02-2012,ECC2,D,100,W,3,0,2,0,0,0,0,0,0,0,0,0,0,0,0,0
18-02-2012,ECC2,D,100,W,4,0,0,0,0,0,0,0,0,0,0,0,0,0,0,0
18-02-2012,AIL4,E,,Below,0,0,0,0,0,0,0,0,0,0,0,0,0,0,0,0
18-02-2012,AIL5,E,,Below,0,0,0,0,0,0,0,0,0,0,0,0,0,0,0,0
18-02-2012,ECC3,D,40,Below,0,0,0,0,0,1,0,0,0,0,0,0,0,0,0,0
18-02-2012,ECC3,D,40,N,1,0,0,0,0,0,0,0,0,0,0,0,0,0,0,0
18-02-2012,ECC3,D,40,N,2,0,1,0,0,0,0,0,0,0,0,0,0,0,0,0
18-02-2012,ECC3,D,40,N,3,0,0,0,0,0,0,0,0,0,0,0,0,0,0,0
18-02-2012,ECC3,D,40,N,4,0,0,0,0,0,0,0,0,0,0,0,0,0,0,0
18-02-2012,ECC3,D,40,S,1,0,0,0,0,0,0,0,0,0,0,0,0,0,0,0
18-02-2012,ECC3,D,40,S,2,0,0,0,0,0,0,0,0,0,0,0,0,0,0,0
18-02-2012,ECC3,D,40,S,3,0,0,0,0,0,0,0,0,0,0,0,0,0,0,0
18-02-2012,ECC3,D,40,S,4,0,0,0,0,0,0,0,0,0,0,0,0,0,0,0
18-02-2012,ECC3,D,40,E,1,0,0,0,0,0,0,0,0,0,0,0,0,0,0,0
18-02-2012,ECC3,D,40,E,2,0,0,0,0,0,0,0,0,0,0,0,0,0,0,0
18-02-2012,ECC3,D,40,E,3,0,0,0,0,0,0,0,0,0,0,0,0,0,0,0
18-02-2012,ECC3,D,40,E,4,0,0,0,0,0,0,0,0,0,0,0,0,0,0,0
18-02-2012,ECC3,D,40,W,1,0,0,0,0,0,0,0,0,0,0,0,0,0,0,0
18-02-2012,ECC3,D,40,W,2,0,0,0,0,0,0,0,0,0,0,0,0,0,0,0
18-02-2012,ECC3,D,40,W,3,0,0,0,0,0,0,0,0,0,0,0,0,0,0,0
18-02-2012,ECC3,D,40,W,4,0,1,0,0,0,0,0,0,0,0,0,0,0,0,0
18-02-2012,AIL3,E,,Below,0,0,0,0,0,0,0,0,0,0,0,0,0,0,0,0
18-02-2012,ALT1,E,,Below,0,0,0,0,0,0,0,0,0,0,0,0,0,0,0,0
20-02-2012,PN2,C,20,Below,0,7,24,0,0,0,0,0,0,0,0,0,0,0,0,0
20-02-2012,PN2,C,20,N,1,0,0,0,0,0,0,0,0,0,0,0,0,0,0,0
20-02-2012,PN2,C,20,N,2,0,1,0,0,0,0,0,0,0,0,0,0,0,0,0
20-02-2012,PN2,C,20,N,3,0,0,0,0,0,0,0,0,0,0,0,0,0,0,0
20-02-2012,PN2,C,20,N,4,0,0,0,0,0,0,0,0,1,0,0,0,0,0,0
20-02-2012,PN2,C,20,S,1,0,0,0,0,0,0,0,0,0,0,0,0,0,0,0
20-02-2012,PN2,C,20,S,2,0,0,0,0,0,0,0,0,0,0,0,0,0,0,0
20-02-2012,PN2,C,20,S,3,0,0,0,0,0,0,0,0,0,0,0,0,0,0,0
20-02-2012,PN2,C,20,S,4,0,0,0,0,0,0,0,0,0,0,0,0,0,0,0
20-02-2012,PN2,C,20,E,1,0,2,0,0,0,0,0,0,0,0,0,0,0,0,0
20-02-2012,PN2,C,20,E,2,0,0,0,0,0,0,0,0,0,0,0,0,0,0,0
20-02-2012,PN2,C,20,E,3,0,1,0,0,0,0,0,0,0,0,0,0,0,0,0
20-02-2012,PN2,C,20,E,4,0,1,0,0,0,0,0,0,0,0,0,0,0,0,0
20-02-2012,PN2,C,20,W,1,0,0,0,0,0,0,0,0,0,0,0,0,0,0,0
20-02-2012,PN2,C,20,W,2,0,1,0,0,0,0,0,0,0,0,0,0,0,0,0
20-02-2012,PN2,C,20,W,3,0,0,0,0,0,0,0,0,0,0,0,0,0,0,0
20-02-2012,PN2,C,20,W,4,0,0,0,0,0,0,0,0,0,0,0,0,0,0,0
20-02-2012,FS4,F,,Below,0,0,0,0,0,0,0,0,0,0,0,0,0,0,0,0
20-02-2012,FS4,F,,N,1,0,0,0,0,0,0,0,0,0,0,0,0,0,0,0
20-02-2012,FS4,F,,N,2,0,0,0,0,0,0,0,0,0,0,0,0,0,0,0
20-02-2012,FS4,F,,N,3,0,0,0,0,0,0,0,0,0,0,0,0,0,0,0
20-02-2012,FS4,F,,N,4,0,0,0,0,0,0,0,0,0,0,0,0,0,0,0
20-02-2012,FS4,F,,S,1,0,0,0,0,0,0,0,0,0,0,0,0,0,0,0
20-02-2012,FS4,F,,S,2,0,0,0,0,0,0,0,0,0,0,0,0,0,0,0
20-02-2012,FS4,F,,S,3,0,0,0,0,0,0,0,0,0,0,0,0,0,0,0
20-02-2012,FS4,F,,S,4,0,0,0,0,0,0,0,0,0,0,0,0,0,0,0
20-02-2012,FS4,F,,E,1,0,0,0,0,0,0,0,0,0,0,0,0,0,0,0
20-02-2012,FS4,F,,E,2,0,0,0,0,0,0,0,0,0,0,1,0,0,0,0
20-02-2012,FS4,F,,E,3,0,0,0,0,0,0,0,0,0,0,0,0,0,0,0
20-02-2012,FS4,F,,E,4,0,0,0,0,0,0,0,0,0,0,0,0,0,0,0
20-02-2012,FS4,F,,W,1,0,1,0,0,0,0,0,0,0,0,0,0,0,0,0
20-02-2012,FS4,F,,W,2,0,0,0,0,0,0,0,0,0,0,0,0,0,0,0
20-02-2012,FS4,F,,W,3,0,0,0,0,0,0,0,0,0,0,0,0,0,0,0
20-02-2012,FS4,F,,W,4,0,0,0,0,0,0,0,0,0,0,0,0,0,0,0
20-02-2012,AIL2,E,,Below,0,0,0,0,0,0,0,0,0,0,0,0,0,0,0,0
20-02-2012,PN1,C,20,Below,0,9,11,0,0,0,0,0,0,0,0,0,0,0,0,0
20-02-2012,PN1,C,20,N,1,0,1,0,0,0,0,0,0,0,0,0,0,0,0,0
20-02-2012,PN1,C,20,N,2,0,2,0,0,0,0,0,0,0,0,0,0,0,0,0
20-02-2012,PN1,C,20,N,3,0,0,0,0,0,0,0,0,0,0,0,0,0,0,0
20-02-2012,PN1,C,20,N,4,0,0,0,0,0,0,0,0,0,0,0,0,0,0,0
20-02-2012,PN1,C,20,S,1,0,0,0,0,0,0,0,0,0,0,0,0,0,0,0
20-02-2012,PN1,C,20,S,2,0,0,0,0,0,0,0,0,0,0,0,0,0,0,0
20-02-2012,PN1,C,20,S,3,0,0,0,2,0,0,0,0,0,0,0,0,0,0,0
20-02-2012,PN1,C,20,S,4,0,0,0,0,0,0,0,0,0,0,0,0,0,0,0
20-02-2012,PN1,C,20,E,1,0,0,0,0,0,0,0,0,0,0,0,0,0,0,0
20-02-2012,PN1,C,20,E,2,0,0,0,0,0,0,0,0,0,0,0,0,0,0,0
20-02-2012,PN1,C,20,E,3,0,0,0,0,0,0,0,0,0,0,0,0,0,0,0
20-02-2012,PN1,C,20,E,4,0,0,0,0,0,0,0,0,0,0,0,0,0,0,0
20-02-2012,PN1,C,20,W,1,0,0,0,0,0,0,0,0,0,0,0,0,0,0,0
20-02-2012,PN1,C,20,W,2,0,0,0,0,0,0,0,0,0,0,0,0,0,0,0
20-02-2012,PN1,C,20,W,3,0,4,0,0,0,0,0,0,0,0,0,0,0,0,0
20-02-2012,PN1,C,20,W,4,0,0,0,0,0,0,0,0,0,0,0,0,0,0,0
21-02-2012,PN5,C,150,Below,0,5,6,0,0,0,0,0,0,0,0,0,0,0,0,0
21-02-2012,PN5,C,150,S,1,0,0,0,0,0,0,0,0,0,0,0,0,0,0,0
21-02-2012,PN5,C,150,S,2,0,0,0,0,0,0,0,0,0,0,0,0,0,0,0
21-02-2012,PN5,C,150,S,3,0,0,0,0,0,0,0,0,0,0,0,0,0,0,0
21-02-2012,PN5,C,150,S,4,0,0,0,0,0,0,0,0,0,0,0,0,0,0,0
21-02-2012,PN5,C,150,E,1,0,0,0,0,0,0,0,0,0,0,0,0,0,0,0
21-02-2012,PN5,C,150,E,2,0,0,0,0,0,0,0,0,0,0,0,0,0,0,0
21-02-2012,PN5,C,150,E,3,0,0,0,0,0,0,0,0,0,0,0,0,0,0,0
21-02-2012,PN5,C,150,E,4,0,0,0,0,0,0,0,0,0,0,0,0,0,0,0
21-02-2012,PN5,C,150,W,1,0,0,0,0,0,0,0,0,0,0,0,0,0,0,0
21-02-2012,PN5,C,150,W,2,0,0,0,0,0,0,0,0,0,0,0,0,0,0,0
21-02-2012,PN5,C,150,W,3,0,0,0,0,0,0,0,0,0,0,0,0,0,0,0
21-02-2012,PN5,C,150,W,4,0,1,0,0,0,0,0,0,0,0,0,0,0,0,0
21-02-2012,PN4,C,20,Below,0,2,8,0,0,0,0,0,0,0,0,0,0,0,0,0
21-02-2012,PN4,C,20,N,1,0,2,0,0,0,0,0,0,0,0,0,0,0,0,1
21-02-2012,PN4,C,20,N,2,0,0,0,0,0,0,0,0,0,0,0,0,0,0,0
21-02-2012,PN4,C,20,N,3,0,0,0,0,0,0,0,0,0,0,0,0,0,0,0
21-02-2012,PN4,C,20,N,4,0,0,0,0,0,0,0,0,0,0,0,0,0,0,0
21-02-2012,PN4,C,20,S,1,0,0,0,0,0,0,0,0,0,0,0,0,0,0,0
21-02-2012,PN4,C,20,S,2,0,0,0,0,0,0,0,0,0,0,0,0,0,0,0
21-02-2012,PN4,C,20,S,3,0,1,0,0,0,0,0,0,0,0,0,0,0,0,0
21-02-2012,PN4,C,20,S,4,0,0,0,0,0,0,0,0,0,0,0,0,0,0,0
21-02-2012,PN4,C,20,E,1,0,0,0,0,0,0,0,0,0,0,0,0,0,0,0
21-02-2012,PN4,C,20,E,2,0,0,0,0,0,0,0,0,0,0,0,0,0,0,0
21-02-2012,PN4,C,20,E,3,0,0,0,0,0,0,0,0,0,0,0,0,0,0,0
21-02-2012,PN4,C,20,E,4,0,0,0,0,0,0,0,0,0,0,0,0,0,0,1
21-02-2012,PN4,C,20,W,1,0,0,0,0,0,0,0,0,0,0,0,0,0,0,0
21-02-2012,PN4,C,20,W,2,0,0,0,0,0,0,0,0,0,0,0,0,0,0,0
21-02-2012,PN4,C,20,W,3,0,0,0,0,0,0,0,0,0,0,0,0,0,0,0
21-02-2012,PN4,C,20,W,4,0,0,0,0,0,0,0,0,0,0,0,0,0,0,0
22-02-2012,PN8,C,1100,Below,0,23,10,0,0,0,0,0,0,0,0,0,0,0,0,0
22-02-2012,PN8,C,1100,N,1,0,0,0,0,0,0,0,0,0,0,0,0,0,0,0
22-02-2012,PN8,C,1100,N,2,0,2,0,0,0,0,0,0,0,0,0,0,0,0,0
22-02-2012,PN8,C,1100,N,3,0,0,0,0,0,0,0,0,0,0,0,0,0,0,0
22-02-2012,PN8,C,1100,N,4,0,0,0,0,0,0,0,0,0,0,0,0,0,0,0
22-02-2012,PN8,C,1100,S,1,0,0,0,0,0,0,0,0,0,0,0,0,0,0,0
22-02-2012,PN8,C,1100,S,2,0,0,0,0,0,0,0,0,0,0,0,0,0,0,0
22-02-2012,PN8,C,1100,S,3,0,2,0,0,0,0,0,0,0,0,0,0,0,0,0
22-02-2012,PN8,C,1100,S,4,0,2,0,0,0,0,0,0,0,0,0,0,0,1,0
22-02-2012,PN8,C,1100,E,1,0,2,0,0,0,0,0,0,0,0,0,0,0,0,0
22-02-2012,PN8,C,1100,E,2,0,0,0,0,0,0,0,0,0,0,0,0,0,0,0
22-02-2012,PN8,C,1100,E,3,0,2,0,0,0,0,0,0,0,0,0,0,0,0,0
22-02-2012,PN8,C,1100,E,4,0,0,0,0,0,0,0,0,0,0,0,0,0,0,0
22-02-2012,PN8,C,1100,W,1,0,1,0,0,0,0,0,0,0,0,0,0,0,0,0
22-02-2012,PN8,C,1100,W,2,0,2,0,0,0,0,0,0,0,0,0,0,0,0,0
22-02-2012,PN8,C,1100,W,3,0,0,0,0,0,0,0,0,4,0,0,0,0,0,0
22-02-2012,PN8,C,1100,W,4,0,1,0,0,0,0,0,0,0,0,0,0,0,0,0
22-02-2012,PN6,C,250,Below,0,0,0,0,0,0,0,0,0,0,0,0,0,0,0,0
22-02-2012,PN6,C,250,N,1,0,0,0,0,0,0,0,0,0,0,0,0,0,0,0
22-02-2012,PN6,C,250,N,2,0,0,0,0,0,0,0,0,0,0,0,0,0,0,0
22-02-2012,PN6,C,250,N,3,0,0,0,0,0,0,0,0,0,0,0,0,0,0,0
22-02-2012,PN6,C,250,N,4,0,0,0,0,0,0,0,0,0,0,0,0,0,0,0
22-02-2012,PN6,C,250,W,1,0,3,0,0,0,0,0,0,0,0,0,0,0,0,0
22-02-2012,PN6,C,250,W,2,0,2,0,0,0,0,0,0,0,0,0,0,0,0,0
22-02-2012,PN6,C,250,W,3,0,1,0,0,0,0,0,0,0,0,0,0,0,0,0
22-02-2012,PN6,C,250,W,4,0,0,0,0,0,0,0,0,0,0,0,0,0,0,0
22-02-2012,FS5,F,,Below,0,0,1,0,0,0,0,0,0,0,0,0,0,0,0,5
22-02-2012,FS5,F,,N,1,0,0,0,0,0,0,0,0,0,0,0,0,0,0,0
22-02-2012,FS5,F,,N,2,0,0,0,0,0,0,0,0,0,0,0,0,0,0,0
22-02-2012,FS5,F,,N,3,0,0,0,0,0,0,0,0,0,0,0,0,0,0,0
22-02-2012,FS5,F,,N,4,0,0,0,0,0,0,0,0,0,0,0,0,0,0,0
22-02-2012,FS5,F,,S,1,0,0,0,0,0,0,0,0,0,0,0,0,0,0,0
22-02-2012,FS5,F,,S,2,0,0,0,0,0,0,0,0,0,0,0,0,0,0,0
22-02-2012,FS5,F,,S,3,0,0,0,0,0,0,0,0,0,0,0,0,0,0,0
22-02-2012,FS5,F,,S,4,0,0,0,0,0,0,0,0,0,0,0,0,0,0,0
22-02-2012,FS5,F,,E,1,0,0,0,0,0,0,0,0,0,0,0,0,0,0,0
22-02-2012,FS5,F,,E,2,0,0,0,0,0,0,0,0,0,0,0,0,0,0,0
22-02-2012,FS5,F,,E,3,0,0,0,0,0,0,0,0,0,0,0,0,0,0,0
22-02-2012,FS5,F,,E,4,0,0,0,0,0,0,0,0,0,0,0,0,0,0,0
22-02-2012,FS5,F,,W,1,0,0,0,0,0,0,0,0,0,0,0,0,0,0,0
22-02-2012,FS5,F,,W,2,0,0,0,0,0,0,0,0,0,0,0,0,0,0,2
22-02-2012,FS5,F,,W,3,0,0,0,0,0,0,0,0,0,0,0,0,0,0,0
22-02-2012,FS5,F,,W,4,0,17,0,0,0,0,0,0,0,0,0,0,0,0,0
24-02-2012,PN9,C,10,Below,0,25,0,0,0,0,0,0,0,0,0,0,0,0,0,0
24-02-2012,PN9,C,10,N,1,0,0,0,0,0,0,0,0,0,0,0,0,0,0,0
24-02-2012,PN9,C,10,N,2,2,0,0,0,0,0,0,0,0,0,0,0,0,0,0
24-02-2012,PN9,C,10,N,3,1,0,0,0,0,0,0,0,0,0,0,0,0,0,0
24-02-2012,PN9,C,10,N,4,0,0,0,0,0,0,0,0,0,0,0,0,0,0,0
24-02-2012,PN9,C,10,S,1,0,0,0,0,0,0,0,0,0,0,0,0,0,0,0
24-02-2012,PN9,C,10,S,2,1,0,0,0,0,0,0,0,0,0,0,0,0,0,0
24-02-2012,PN9,C,10,S,3,0,0,0,0,0,0,0,0,0,0,0,0,0,0,0
24-02-2012,PN9,C,10,S,4,0,0,0,0,0,0,0,0,0,0,0,0,0,0,0
24-02-2012,PN9,C,10,E,1,0,0,0,0,0,0,0,0,0,0,0,0,0,0,0
24-02-2012,PN9,C,10,E,2,1,0,1,0,0,0,0,0,0,0,0,0,0,0,0
24-02-2012,PN9,C,10,E,3,1,0,0,0,0,0,0,0,0,0,0,0,0,0,0
24-02-2012,PN9,C,10,E,4,0,0,0,0,0,0,0,0,0,0,0,0,0,0,0
24-02-2012,PN9,C,10,W,1,0,0,0,0,0,0,0,0,0,0,0,0,0,0,0
24-02-2012,PN9,C,10,W,2,0,0,0,0,0,0,0,0,0,0,0,0,0,0,0
24-02-2012,PN9,C,10,W,3,0,0,0,0,0,0,0,0,0,0,0,0,0,0,0
24-02-2012,PN9,C,10,W,4,0,0,0,0,0,0,0,0,0,0,0,0,0,0,0
24-02-2012,ES2,E,,Below,0,0,0,0,0,0,0,0,0,0,0,0,0,0,0,0
24-02-2012,AIL1,E,,Below,0,0,0,0,0,0,0,0,0,0,0,1,0,0,0,0
25-02-2012,ECC1,D,100,Below,0,0,0,0,0,0,0,0,0,0,0,0,0,0,0,0
25-02-2012,ECC1,D,100,N,1,0,0,0,0,0,0,0,0,0,0,0,0,0,0,0
25-02-2012,ECC1,D,100,N,2,0,0,0,0,0,0,0,0,0,0,0,0,0,0,0
25-02-2012,ECC1,D,100,N,3,0,0,0,0,0,0,0,0,0,0,0,0,0,0,0
25-02-2012,ECC1,D,100,N,4,0,0,0,0,0,0,0,0,0,0,0,1,0,0,0
25-02-2012,ECC1,D,100,S,1,0,0,0,0,0,0,0,0,0,0,0,0,0,0,0
25-02-2012,ECC1,D,100,S,2,0,0,0,0,0,0,0,0,0,0,0,0,0,0,0
25-02-2012,ECC1,D,100,S,3,0,0,0,0,0,0,0,0,0,0,0,0,0,0,0
25-02-2012,ECC1,D,100,S,4,0,0,0,0,0,0,0,0,0,0,0,0,0,0,0
25-02-2012,ECC2,D,50,Below,0,0,1,0,0,0,0,0,0,0,0,0,0,0,0,0
25-02-2012,ECC2,D,50,N,1,0,0,0,0,0,0,0,0,0,0,0,0,0,0,0
25-02-2012,ECC2,D,50,N,2,0,0,0,0,0,0,0,0,0,0,0,0,0,0,0
25-02-2012,ECC2,D,50,N,3,0,0,0,0,0,0,0,0,0,0,0,0,0,0,0
25-02-2012,ECC2,D,50,N,4,0,0,0,0,0,0,0,0,0,0,0,0,0,0,0
25-02-2012,ECC2,D,50,S,1,0,0,0,0,0,0,0,0,0,0,0,0,0,0,0
25-02-2012,ECC2,D,50,S,2,0,0,0,0,0,0,0,0,0,0,0,0,0,0,0
25-02-2012,ECC2,D,50,S,3,0,0,0,0,0,0,0,0,0,0,0,0,0,0,0
25-02-2012,ECC2,D,50,S,4,0,0,0,0,0,0,0,0,0,0,0,0,0,0,0
25-02-2012,ECC2,D,50,E,1,0,0,0,0,0,0,0,0,0,0,0,0,0,0,0
25-02-2012,ECC2,D,50,E,2,0,0,0,0,0,0,0,0,0,0,0,0,0,0,0
25-02-2012,ECC2,D,50,E,3,0,0,0,0,0,0,0,0,0,0,0,0,0,0,0
25-02-2012,ECC2,D,50,E,4,0,0,0,0,0,0,0,0,0,0,0,0,0,0,0
25-02-2012,ECC2,D,50,W,1,0,0,0,0,0,0,0,0,0,0,0,0,0,0,0
25-02-2012,ECC2,D,50,W,2,0,2,0,0,0,0,0,0,0,0,0,0,0,0,0
25-02-2012,ECC2,D,50,W,3,0,0,0,0,0,0,0,0,0,0,0,0,0,0,0
25-02-2012,ECC2,D,50,W,4,0,0,0,0,0,0,0,0,0,0,0,0,0,0,0
25-02-2012,AIL4,E,,Below,0,0,0,0,0,0,0,0,0,0,0,0,0,0,0,0
25-02-2012,AIL5,E,,Below,0,0,0,0,0,0,0,0,0,0,0,0,0,0,0,0
25-02-2012,ECC3,D,30,Below,0,0,0,0,0,0,0,0,0,0,0,0,0,0,0,0
25-02-2012,ECC3,D,30,N,1,0,0,0,0,0,0,0,0,0,0,0,0,0,0,0
25-02-2012,ECC3,D,30,N,2,0,0,0,0,0,0,0,0,0,0,0,0,0,0,0
25-02-2012,ECC3,D,30,N,3,0,0,0,0,0,0,0,0,0,0,0,0,0,0,0
25-02-2012,ECC3,D,30,N,4,0,0,0,0,0,0,0,0,0,0,0,0,0,0,0
25-02-2012,ECC3,D,30,S,1,0,0,0,0,0,0,0,0,0,0,0,0,0,0,0
25-02-2012,ECC3,D,30,S,2,0,0,0,0,0,0,0,0,0,0,0,0,0,0,0
25-02-2012,ECC3,D,30,S,3,0,0,0,0,0,0,0,0,0,0,0,0,0,0,0
25-02-2012,ECC3,D,30,S,4,0,0,0,0,0,0,0,0,0,0,0,0,0,0,0
25-02-2012,ECC3,D,30,E,1,0,0,0,0,0,0,0,0,0,0,0,0,0,0,0
25-02-2012,ECC3,D,30,E,2,0,0,0,0,0,0,0,0,0,0,0,0,0,0,0
25-02-2012,ECC3,D,30,E,3,0,0,0,0,0,0,0,0,0,0,0,0,0,0,0
25-02-2012,ECC3,D,30,E,4,0,0,0,0,0,0,0,0,0,0,0,0,0,0,0
25-02-2012,ECC3,D,30,W,1,0,0,0,0,0,0,0,0,0,0,0,0,0,0,0
25-02-2012,ECC3,D,30,W,2,0,0,0,0,0,0,0,0,0,0,0,0,0,0,0
25-02-2012,ECC3,D,30,W,3,0,0,0,0,0,0,0,0,0,0,0,0,0,0,0
25-02-2012,ECC3,D,30,W,4,0,0,0,0,0,0,0,0,0,0,0,0,0,0,0
25-02-2012,AIL3,E,,Below,0,0,0,0,0,0,0,0,0,0,0,0,0,0,0,0
27-02-2012,PN1,C,0,Below,0,2,14,0,0,0,0,0,0,0,0,0,0,0,0,0
27-02-2012,PN1,C,0,N,1,0,0,0,0,0,0,0,0,0,0,0,0,0,0,0
27-02-2012,PN1,C,0,N,2,0,3,0,0,0,0,0,0,0,0,0,0,0,0,0
27-02-2012,PN1,C,0,N,3,0,0,0,0,0,0,0,0,0,0,0,0,0,0,0
27-02-2012,PN1,C,0,N,4,0,0,0,0,0,0,0,0,0,0,0,0,0,0,0
27-02-2012,PN1,C,0,S,1,0,0,0,0,0,0,0,0,0,0,0,0,0,0,0
27-02-2012,PN1,C,0,S,2,0,0,0,0,0,0,0,0,0,0,0,0,0,0,0
27-02-2012,PN1,C,0,S,3,0,0,0,1,0,0,0,0,0,0,1,3,0,0,0
27-02-2012,PN1,C,0,S,4,0,0,0,0,0,0,0,0,0,0,0,0,0,0,0
27-02-2012,PN1,C,0,E,1,0,0,0,0,0,0,0,0,0,0,0,0,0,0,0
27-02-2012,PN1,C,0,E,2,0,0,0,0,0,0,0,0,0,0,0,0,0,0,0
27-02-2012,PN1,C,0,E,3,0,0,0,0,0,0,0,0,0,0,0,0,0,0,0
27-02-2012,PN1,C,0,E,4,0,0,0,0,0,0,0,0,0,0,0,0,0,0,0
27-02-2012,PN1,C,0,W,1,0,0,0,0,0,0,0,0,0,0,0,0,0,0,0
27-02-2012,PN1,C,0,W,2,0,0,0,0,0,0,0,0,0,0,0,0,0,0,0
27-02-2012,PN1,C,0,W,3,0,0,0,0,0,0,0,0,0,0,0,0,0,0,0
27-02-2012,PN1,C,0,W,4,0,0,0,0,0,0,0,0,0,0,0,0,0,0,0
27-02-2012,PN2,C,0,Below,0,0,7,0,0,0,0,0,0,0,0,0,0,0,0,0
27-02-2012,PN2,C,0,N,1,0,0,0,0,0,0,0,0,0,0,0,0,0,0,0
27-02-2012,PN2,C,0,N,2,0,0,0,0,0,0,0,0,0,0,0,0,0,0,0
27-02-2012,PN2,C,0,N,3,0,0,0,0,0,0,0,0,0,0,0,0,0,0,0
27-02-2012,PN2,C,0,N,4,0,0,0,0,0,0,0,0,0,0,0,0,0,0,0
27-02-2012,PN2,C,0,S,1,0,0,0,0,0,0,0,0,0,0,0,0,0,0,0
27-02-2012,PN2,C,0,S,2,0,0,0,0,0,0,0,0,0,0,0,0,0,0,0
27-02-2012,PN2,C,0,S,3,0,0,0,0,0,0,0,0,0,0,0,0,0,0,0
27-02-2012,PN2,C,0,S,4,0,0,0,0,0,0,0,0,0,0,0,0,0,0,0
27-02-2012,PN2,C,0,E,1,0,0,0,1,0,0,0,0,0,0,0,0,0,0,0
27-02-2012,PN2,C,0,E,2,0,0,0,0,0,0,0,0,0,0,0,0,0,0,0
27-02-2012,PN2,C,0,E,3,0,0,0,0,0,0,0,0,0,0,0,0,0,0,0
27-02-2012,PN2,C,0,E,4,0,0,0,0,0,0,0,0,0,0,0,0,0,0,0
27-02-2012,PN2,C,0,W,1,0,0,0,0,0,0,0,0,0,0,0,0,0,0,0
27-02-2012,PN2,C,0,W,2,0,0,0,0,0,0,0,0,0,0,0,0,0,0,0
27-02-2012,PN2,C,0,W,3,0,0,0,0,0,0,0,0,0,0,0,0,0,0,0
27-02-2012,PN2,C,0,W,4,0,0,0,0,0,0,0,0,0,0,0,0,0,0,0
27-02-2012,FS4,F,,Below,0,0,1,0,2,0,0,0,0,0,0,0,0,0,0,0
27-02-2012,FS4,F,,N,1,0,0,0,0,0,0,0,0,0,0,0,0,0,0,0
27-02-2012,FS4,F,,N,2,0,0,0,0,0,0,0,0,0,0,0,0,0,0,0
27-02-2012,FS4,F,,N,3,0,0,0,0,0,0,0,0,0,0,0,0,0,0,0
27-02-2012,FS4,F,,N,4,0,0,0,0,0,0,0,0,0,0,0,0,0,0,0
27-02-2012,FS4,F,,S,1,0,0,0,0,0,0,0,0,0,0,0,0,0,0,0
27-02-2012,FS4,F,,S,2,0,0,0,0,0,0,0,0,0,0,0,0,0,0,0
27-02-2012,FS4,F,,S,3,0,0,0,0,0,0,0,0,0,0,0,0,0,0,0
27-02-2012,FS4,F,,S,4,0,0,0,0,0,0,0,0,0,0,0,0,0,0,0
27-02-2012,FS4,F,,E,1,0,0,0,0,0,0,0,0,0,0,0,0,0,0,0
27-02-2012,FS4,F,,E,2,0,0,0,0,0,0,0,0,0,0,0,0,0,0,0
27-02-2012,FS4,F,,E,3,0,0,0,0,0,0,0,0,0,0,0,0,0,0,0
27-02-2012,FS4,F,,E,4,0,0,0,0,0,0,0,0,0,0,0,0,0,0,0
27-02-2012,FS4,F,,W,1,0,0,0,0,0,0,0,0,0,0,0,0,0,0,0
27-02-2012,FS4,F,,W,2,0,0,0,0,0,0,0,0,0,0,0,0,0,0,0
27-02-2012,FS4,F,,W,3,0,0,0,0,0,0,0,0,0,0,0,0,0,0,0
27-02-2012,FS4,F,,W,4,0,0,0,0,0,0,0,0,0,0,0,0,0,0,0
27-02-2012,ES1,E,,Below,0,0,0,0,0,0,0,0,0,0,0,0,0,0,0,0
28-02-2012,PN5,C,200,Below,0,8,11,0,0,0,0,0,0,0,0,0,0,0,0,0
28-02-2012,PN5,C,200,S,1,0,1,0,0,0,0,0,0,0,0,0,0,0,0,0
28-02-2012,PN5,C,200,S,2,0,0,0,0,0,0,0,0,0,0,0,0,0,0,0
28-02-2012,PN5,C,200,S,3,0,0,0,0,0,0,0,0,0,0,0,0,0,0,0
28-02-2012,PN5,C,200,S,4,0,0,0,0,0,0,0,0,0,0,0,0,0,0,0
28-02-2012,PN5,C,200,E,1,0,0,0,0,0,0,0,0,0,0,0,0,0,0,0
28-02-2012,PN5,C,200,E,2,0,0,0,0,0,0,0,0,0,0,0,0,0,0,0
28-02-2012,PN5,C,200,E,3,0,0,0,0,0,0,0,0,0,0,0,0,0,0,0
28-02-2012,PN5,C,200,E,4,0,0,0,0,0,0,0,0,0,0,0,0,0,0,0
28-02-2012,PN5,C,200,W,1,0,3,0,0,0,0,0,0,0,0,0,0,0,0,0
28-02-2012,PN5,C,200,W,2,0,0,0,0,0,0,0,0,0,0,0,0,0,0,0
28-02-2012,PN5,C,200,W,3,0,0,0,0,0,0,0,0,0,0,0,0,0,0,0
28-02-2012,PN5,C,200,W,4,0,1,0,0,0,0,0,0,0,0,0,0,0,0,0
28-02-2012,PN4,C,0,Below,0,2,13,0,0,0,0,0,0,0,0,0,0,0,0,0
28-02-2012,PN4,C,0,N,1,0,4,0,0,0,0,0,0,0,0,0,0,0,0,0
28-02-2012,PN4,C,0,N,2,0,0,0,0,0,0,0,0,0,0,0,0,0,0,0
28-02-2012,PN4,C,0,N,3,0,0,0,0,0,0,0,0,0,0,0,0,0,0,0
28-02-2012,PN4,C,0,N,4,0,0,0,0,0,0,0,0,0,0,0,0,0,0,1
28-02-2012,PN4,C,0,S,1,0,0,0,0,0,0,0,0,0,0,0,0,0,0,0
28-02-2012,PN4,C,0,S,2,0,0,0,0,0,0,0,0,0,0,0,0,0,0,0
28-02-2012,PN4,C,0,S,3,0,0,0,0,0,0,0,0,0,0,0,0,0,0,0
28-02-2012,PN4,C,0,S,4,0,0,0,0,0,0,0,0,0,0,0,0,0,0,0
28-02-2012,PN4,C,0,E,1,0,0,0,0,0,0,0,0,0,0,0,0,0,0,0
28-02-2012,PN4,C,0,E,2,0,0,0,0,0,0,0,0,0,0,0,0,0,0,0
28-02-2012,PN4,C,0,E,3,0,0,0,0,0,0,0,0,0,0,0,0,0,0,0
28-02-2012,PN4,C,0,E,4,0,0,0,0,0,0,0,0,0,0,0,0,0,0,0
28-02-2012,PN4,C,0,W,1,0,0,0,0,0,0,0,0,0,0,0,0,0,0,0
28-02-2012,PN4,C,0,W,2,0,0,0,0,0,0,0,0,0,0,0,0,0,0,0
28-02-2012,PN4,C,0,W,3,0,0,0,0,0,0,0,0,0,0,0,0,0,0,0
28-02-2012,PN4,C,0,W,4,0,0,0,0,0,0,0,0,0,0,0,0,0,0,0
29-02-2012,PN8,C,70,Below,0,94,25,0,0,0,0,0,0,0,0,0,0,0,0,0
29-02-2012,PN8,C,70,N,1,0,12,0,0,0,0,0,0,0,0,0,0,0,0,0
29-02-2012,PN8,C,70,N,2,0,22,0,0,0,0,0,0,0,0,0,0,0,0,0
29-02-2012,PN8,C,70,N,3,0,1,0,0,0,0,0,0,0,0,0,0,0,0,0
29-02-2012,PN8,C,70,N,4,0,0,0,0,0,0,0,0,0,0,0,0,0,0,0
29-02-2012,PN8,C,70,S,1,0,0,0,0,0,0,0,0,0,0,0,0,0,0,0
29-02-2012,PN8,C,70,S,2,0,0,0,0,0,0,0,0,0,0,0,0,0,0,0
29-02-2012,PN8,C,70,S,3,0,0,0,0,0,0,0,0,0,0,0,0,0,0,0
29-02-2012,PN8,C,70,S,4,0,5,0,0,0,0,0,0,0,0,0,0,0,0,0
29-02-2012,PN8,C,70,E,1,0,1,0,0,0,0,0,0,0,0,0,0,0,0,0
29-02-2012,PN8,C,70,E,2,0,0,0,0,0,0,0,0,0,0,0,0,0,0,0
29-02-2012,PN8,C,70,E,3,0,2,0,0,0,0,0,0,0,0,0,0,0,0,0
29-02-2012,PN8,C,70,E,4,0,1,0,0,0,0,0,0,0,0,0,0,0,0,0
29-02-2012,PN8,C,70,W,1,0,5,0,0,0,0,0,0,0,0,0,0,0,0,0
29-02-2012,PN8,C,70,W,2,0,2,0,0,0,0,0,0,0,0,0,0,0,0,0
29-02-2012,PN8,C,70,W,3,0,0,0,0,0,0,0,0,0,0,0,0,0,0,0
29-02-2012,PN8,C,70,W,4,0,1,0,0,0,0,0,0,0,0,0,0,0,0,0
29-02-2012,PN6,C,150,Below,0,13,17,0,0,0,0,0,0,0,0,0,0,0,0,0
29-02-2012,PN6,C,150,N,1,0,0,0,0,0,0,0,0,0,0,0,0,0,0,0
29-02-2012,PN6,C,150,N,2,0,0,0,0,0,0,0,0,0,0,0,0,0,0,0
29-02-2012,PN6,C,150,N,3,0,0,0,0,0,0,0,0,0,0,0,0,0,0,0
29-02-2012,PN6,C,150,N,4,0,0,0,0,0,0,0,0,0,0,0,0,0,0,0
29-02-2012,PN6,C,150,W,1,0,3,0,0,0,0,0,0,0,0,0,0,0,0,0
29-02-2012,PN6,C,150,W,2,0,3,0,0,0,0,0,0,0,0,0,0,0,0,0
29-02-2012,PN6,C,150,W,3,0,3,0,0,0,0,0,0,0,0,0,0,0,0,0
29-02-2012,PN6,C,150,W,4,0,1,0,0,0,0,0,0,0,0,0,0,0,0,0
29-02-2012,FS5,F,,Below,0,0,1,0,0,0,0,0,0,0,0,0,0,0,0,0
29-02-2012,FS5,F,,N,1,0,0,0,0,0,0,0,0,0,0,0,0,0,0,0
29-02-2012,FS5,F,,N,2,0,2,0,0,0,0,0,0,0,0,0,0,0,0,0
29-02-2012,FS5,F,,N,3,0,0,0,0,0,0,0,0,0,0,0,0,0,0,0
29-02-2012,FS5,F,,N,4,0,0,0,0,0,0,0,0,0,0,0,0,0,0,0
29-02-2012,FS5,F,,S,1,0,0,0,0,0,0,0,0,0,0,0,0,0,0,0
29-02-2012,FS5,F,,S,2,0,0,0,0,0,0,0,0,0,0,0,0,0,0,0
29-02-2012,FS5,F,,S,3,0,0,0,0,0,0,0,0,0,0,0,0,0,0,0
29-02-2012,FS5,F,,S,4,0,0,0,0,0,0,0,0,0,0,0,0,0,0,0
29-02-2012,FS5,F,,E,1,0,0,0,0,0,0,0,0,0,0,0,0,0,0,0
29-02-2012,FS5,F,,E,2,0,0,0,0,0,0,0,0,0,0,0,0,0,0,0
29-02-2012,FS5,F,,E,3,0,0,0,0,0,0,0,0,0,0,0,0,0,0,0
29-02-2012,FS5,F,,E,4,0,0,0,0,0,0,0,0,0,0,0,0,0,0,0
29-02-2012,FS5,F,,W,1,0,0,0,0,0,0,0,0,0,0,0,0,0,0,0
29-02-2012,FS5,F,,W,2,0,0,0,0,0,0,0,0,0,0,0,0,0,0,0
29-02-2012,FS5,F,,W,3,0,0,0,0,0,0,0,0,0,0,0,0,0,0,0
29-02-2012,FS5,F,,W,4,0,9,0,0,0,0,0,0,0,0,0,0,0,0,0
01-03-2012,FS6,F,,Below,0,0,0,0,0,0,0,0,0,0,1,0,0,0,0,0
01-03-2012,FS6,F,,N,1,0,0,0,0,0,0,0,0,0,0,0,0,0,0,0
01-03-2012,FS6,F,,N,2,0,0,0,0,0,0,0,0,0,0,0,0,0,0,0
01-03-2012,FS6,F,,N,3,0,0,0,0,0,0,0,0,0,0,0,0,0,0,0
01-03-2012,FS6,F,,N,4,0,0,0,0,0,0,0,0,0,0,0,0,0,0,0
01-03-2012,FS6,F,,S,1,0,0,0,0,0,0,0,0,0,0,0,0,0,0,0
01-03-2012,FS6,F,,S,2,0,0,0,0,0,0,0,0,0,0,0,0,0,0,0
01-03-2012,FS6,F,,S,3,0,0,0,0,0,0,0,0,0,0,0,0,0,0,0
01-03-2012,FS6,F,,S,4,0,0,0,0,0,0,0,0,0,0,0,0,0,0,0
01-03-2012,FS6,F,,E,1,0,0,0,0,0,0,0,0,0,0,0,0,0,0,0
01-03-2012,FS6,F,,E,2,0,0,0,0,0,0,0,0,0,0,0,0,0,0,0
01-03-2012,FS6,F,,E,3,0,0,0,0,0,0,0,0,0,0,0,0,0,0,0
01-03-2012,FS6,F,,E,4,0,0,0,0,0,0,0,0,0,0,0,0,0,0,0
01-03-2012,FS6,F,,W,1,0,0,0,0,0,0,0,0,0,0,0,0,0,0,0
01-03-2012,FS6,F,,W,2,0,0,0,0,0,0,0,0,0,0,0,0,0,0,0
01-03-2012,FS6,F,,W,3,0,0,0,0,0,0,0,0,0,0,0,0,0,0,0
01-03-2012,FS6,F,,W,4,0,0,0,0,0,0,0,0,0,0,0,0,0,0,0
01-03-2012,FS7,F,,Below,0,0,0,0,0,0,0,0,0,0,0,0,0,0,0,0
01-03-2012,FS7,F,,N,1,0,0,0,0,0,0,0,0,0,0,0,0,0,0,0
01-03-2012,FS7,F,,N,2,0,0,0,0,0,0,0,0,0,0,0,0,0,0,0
01-03-2012,FS7,F,,N,3,0,0,0,0,0,0,0,0,0,0,0,0,0,0,0
01-03-2012,FS7,F,,N,4,0,0,0,0,0,0,0,0,0,0,0,0,0,0,0
01-03-2012,FS7,F,,S,1,0,0,0,0,0,0,0,0,0,0,0,0,0,0,0
01-03-2012,FS7,F,,S,2,0,0,0,0,0,0,0,0,0,0,0,0,0,0,0
01-03-2012,FS7,F,,S,3,0,0,0,0,0,0,0,0,0,0,0,0,0,0,0
01-03-2012,FS7,F,,S,4,0,0,0,0,0,0,0,0,0,0,0,0,0,0,0
01-03-2012,FS7,F,,E,1,0,0,0,0,0,0,0,0,0,0,0,0,0,0,0
01-03-2012,FS7,F,,E,2,0,0,0,0,0,0,0,0,0,0,0,0,0,0,0
01-03-2012,FS7,F,,E,3,0,0,0,0,0,0,0,0,0,0,0,0,0,0,0
01-03-2012,FS7,F,,E,4,0,0,0,0,0,0,0,0,0,0,0,0,0,0,0
01-03-2012,FS7,F,,W,1,0,0,0,0,0,0,0,0,0,0,0,0,0,0,0
01-03-2012,FS7,F,,W,2,0,0,0,0,0,0,0,0,0,0,0,0,0,0,0
01-03-2012,FS7,F,,W,3,0,0,0,1,0,0,0,0,0,0,0,0,0,0,0
01-03-2012,FS7,F,,W,4,0,0,0,0,0,0,0,0,0,0,0,0,0,0,0
