sp1_name,sp2_name,sp1_inc,sp2_inc,obs_cooccur,exp_cooccur,prob_cooccur,p_lt,p_gt,,,,,,
TS1,TS1.1,77,39,33,31.3,0.326,0.8773,0.26496,,,,,,
TS1,TS1.2,77,15,12,12,0.125,0.61084,0.66138,,,,,,
TS1,TS2,77,32,23,25.7,0.267,0.12051,0.95516,,,,,,
TS1,TS3,77,15,14,12,0.125,0.97303,0.14897,,,,,,
TS1,FS1,77,29,25,23.3,0.242,0.89723,0.24903,,,,,,
TS1,FS1.1,77,15,13,12,0.125,0.85103,0.38916,,,,,,
TS1,FS1.2,77,18,17,14.4,0.15,0.98805,0.0801,,,,,,
TS1,FS1.3,77,4,1,3.2,0.033,0.02363,0.99883,,,,,,
TS1,FS1.4,77,5,5,4,0.042,1,0.32324,,,,,,
TS1,FS2,77,27,21,21.7,0.226,0.45449,0.74926,,,,,sp1_inc,Number of sites sp1 occurs in
TS1,FS2.1,77,30,25,24.1,0.251,0.78371,0.41275,,,,,sp2_inc,Number of sites sp2 occurs in
TS1,FS3,77,25,22,20.1,0.209,0.92928,0.20186,,,,,obs_cooccur,Number of sites they cooccur in
TS1,FS4,77,10,10,8,0.084,1,0.09725,,,,,exp_cooccur,Expected number of sites for them to cooccur in
TS1,FS5,77,35,27,28.1,0.292,0.37544,0.79981,,,,,prob_cooccur,Probability of cooccurance
TS1,FS5.1,77,21,18,16.8,0.175,0.84816,0.35436,,,,,p_lt,Probability that they will randomly cooccur in less sites
TS1,FS5.2,77,8,8,6.4,0.067,1,0.15869,,,,,p_gt,Probability that they will randomly cooccur in more sites
TS1,FS6,77,21,19,16.8,0.175,0.95913,0.15184,,,,,,
TS1,ND,77,9,6,7.2,0.075,0.25005,0.92715,,,,,,
TS1,SS1,77,11,7,8.8,0.092,0.14387,0.96182,,,,,,
TS1,SS2,77,11,9,8.8,0.092,0.68789,0.62492,,,,,,
TS1,SS3,77,7,6,5.6,0.058,0.79824,0.5797,,,,,,
TS1,FW1,77,50,43,40.1,0.418,0.95966,0.10955,,,,,,
TS1,FW2,77,5,3,4,0.042,0.2561,0.94854,,,,,,
TS1,FW3,77,16,13,12.8,0.134,0.66125,0.60761,,,,,,
TS1,FWND1,77,29,26,23.3,0.242,0.97036,0.10277,,,,,,
TS1,FWND2,77,45,35,36.1,0.376,0.37945,0.79339,,,,,,
TS1,FWND3,77,38,34,30.5,0.317,0.98519,0.05392,,,,,,
TS1,FWND4,77,7,6,5.6,0.058,0.79824,0.5797,,,,,,
TS1,FWND,77,6,5,4.8,0.05,0.74425,0.66069,,,,,,
TS1,T1,77,9,3,7.2,0.075,0.00165,0.99988,,,,,,
TS1,T2,77,49,42,39.3,0.409,0.94997,0.12996,,,,,,
TS1,T3,77,9,7,7.2,0.075,0.56722,0.74995,,,,,,
TS1,TND.1,77,3,3,2.4,0.025,1,0.51197,,,,,,
TS1,TND2,77,3,2,2.4,0.025,0.48803,0.90106,,,,,,
TS1,TND4,77,2,2,1.6,0.017,1,0.64167,,,,,,
TS1,TND,77,11,9,8.8,0.092,0.68789,0.62492,,,,,,
TS1,C1,77,5,4,4,0.042,0.67676,0.7439,,,,,,
TS1,C2,77,8,6,6.4,0.067,0.49674,0.80902,,,,,,
TS1,C3,77,5,3,4,0.042,0.2561,0.94854,,,,,,
TS1,CND,77,7,5,5.6,0.058,0.4203,0.86316,,,,,,
TS1,GS1,77,12,11,9.6,0.1,0.94117,0.26206,,,,,,
TS1,GS2,77,2,1,1.6,0.017,0.35833,0.9625,,,,,,
TS1,I1,77,4,3,3.2,0.033,0.59263,0.82575,,,,,,
TS1,I2,77,14,13,11.2,0.117,0.9649,0.181,,,,,,
TS1,I3,77,8,7,6.4,0.067,0.84131,0.50326,,,,,,
TS1,I4,77,4,4,3.2,0.033,1,0.40737,,,,,,
TS1,O1,77,22,18,17.6,0.184,0.68884,0.54878,,,,,,
TS1,O2,77,4,4,3.2,0.033,1,0.40737,,,,,,
TS1,G1,77,5,5,4,0.042,1,0.32324,,,,,,
TS1,G2,77,6,5,4.8,0.05,0.74425,0.66069,,,,,,
TS1,G3,77,3,1,2.4,0.025,0.09894,0.99322,,,,,,
TS1,G4,77,2,1,1.6,0.017,0.35833,0.9625,,,,,,
TS1,G5,77,2,1,1.6,0.017,0.35833,0.9625,,,,,,
TS1.1,TS1.2,39,15,6,6.1,0.063,0.59619,0.62818,,,,,,
TS1.1,TS2,39,32,15,13,0.135,0.86464,0.25356,,,,,,
TS1.1,TS3,39,15,4,6.1,0.063,0.18175,0.93426,,,,,,
TS1.1,FS1,39,29,13,11.8,0.123,0.78219,0.37074,,,,,,
TS1.1,FS1.1,39,15,9,6.1,0.063,0.97361,0.08518,,,,,,
TS1.1,FS1.2,39,18,6,7.3,0.076,0.33634,0.83237,,,,,,
TS1.1,FS1.3,39,4,0,1.6,0.017,0.11891,1,,,,,,
TS1.1,FS1.4,39,5,3,2,0.021,0.91388,0.32475,,,,,,
TS1.1,FS2,39,27,13,11,0.114,0.87868,0.23876,,,,,,
TS1.1,FS2.1,39,30,15,12.2,0.127,0.93076,0.14998,,,,,,
TS1.1,FS3,39,25,12,10.2,0.106,0.86622,0.26115,,,,,,
TS1.1,FS4,39,10,4,4.1,0.042,0.6223,0.64231,,,,,,
TS1.1,FS5,39,35,17,14.2,0.148,0.92143,0.16231,,,,,,
TS1.1,FS5.1,39,21,8,8.5,0.089,0.49737,0.69516,,,,,,
TS1.1,FS5.2,39,8,5,3.2,0.034,0.95366,0.17339,,,,,,
TS1.1,FS6,39,21,10,8.5,0.089,0.83887,0.31106,,,,,,
TS1.1,ND,39,9,4,3.7,0.038,0.72916,0.53647,,,,,,
TS1.1,SS1,39,11,5,4.5,0.047,0.75152,0.48539,,,,,,
TS1.1,SS2,39,11,5,4.5,0.047,0.75152,0.48539,,,,,,
TS1.1,SS3,39,7,2,2.8,0.03,0.40122,0.85908,,,,,,
TS1.1,FW1,39,50,21,20.3,0.212,0.68904,0.46917,,,,,,
TS1.1,FW2,39,5,3,2,0.021,0.91388,0.32475,,,,,,
TS1.1,FW3,39,16,7,6.5,0.068,0.71373,0.49522,,,,,,
TS1.1,FWND1,39,29,14,11.8,0.123,0.89039,0.21781,,,,,,
TS1.1,FWND2,39,45,18,18.3,0.19,0.53658,0.62714,,,,,,
TS1.1,FWND3,39,38,18,15.4,0.161,0.90327,0.19029,,,,,,
TS1.1,FWND4,39,7,4,2.8,0.03,0.90601,0.2959,,,,,,
TS1.1,FWND,39,6,2,2.4,0.025,0.53103,0.78471,,,,,,
TS1.1,T1,39,9,1,3.7,0.038,0.05664,0.99306,,,,,,
TS1.1,T2,39,49,24,19.9,0.207,0.97228,0.06732,,,,,,
TS1.1,T3,39,9,3,3.7,0.038,0.46353,0.79225,,,,,,
TS1.1,TND.1,39,3,2,1.2,0.013,0.93604,0.35957,,,,,,
TS1.1,TND2,39,3,1,1.2,0.013,0.64043,0.79521,,,,,,
TS1.1,TND,39,11,5,4.5,0.047,0.75152,0.48539,,,,,,
TS1.1,C1,39,5,1,2,0.021,0.32054,0.9315,,,,,,
TS1.1,C2,39,8,5,3.2,0.034,0.95366,0.17339,,,,,,
TS1.1,C3,39,5,3,2,0.021,0.91388,0.32475,,,,,,
TS1.1,CND,39,7,5,2.8,0.03,0.98311,0.09399,,,,,,
TS1.1,GS1,39,12,6,4.9,0.051,0.84629,0.34324,,,,,,
TS1.1,I1,39,4,3,1.6,0.017,0.97524,0.18157,,,,,,
TS1.1,I2,39,14,6,5.7,0.059,0.68686,0.53843,,,,,,
TS1.1,I3,39,8,2,3.2,0.034,0.29301,0.90978,,,,,,
TS1.1,I4,39,4,1,1.6,0.017,0.46242,0.88109,,,,,,
TS1.1,O1,39,22,9,8.9,0.093,0.61231,0.58221,,,,,,
TS1.1,O2,39,4,2,1.6,0.017,0.81843,0.53758,,,,,,
TS1.1,G1,39,5,3,2,0.021,0.91388,0.32475,,,,,,
TS1.1,G2,39,6,0,2.4,0.025,0.03914,1,,,,,,
TS1.1,G3,39,3,2,1.2,0.013,0.93604,0.35957,,,,,,
TS1.2,TS2,15,32,6,5,0.052,0.81563,0.37515,,,,,,
TS1.2,TS3,15,15,3,2.3,0.024,0.81862,0.42737,,,,,,
TS1.2,FS1,15,29,4,4.5,0.047,0.50391,0.72941,,,,,,
TS1.2,FS1.1,15,15,5,2.3,0.024,0.98825,0.05487,,,,,,
TS1.2,FS1.2,15,18,2,2.8,0.029,0.43214,0.82575,,,,,,
TS1.2,FS2,15,27,6,4.2,0.044,0.91982,0.20842,,,,,,
TS1.2,FS2.1,15,30,6,4.7,0.049,0.86345,0.30456,,,,,,
TS1.2,FS3,15,25,4,3.9,0.041,0.65896,0.58865,,,,,,
TS1.2,FS4,15,10,3,1.6,0.016,0.95312,0.18714,,,,,,
TS1.2,FS5,15,35,7,5.5,0.057,0.88127,0.2701,,,,,,
TS1.2,FS5.1,15,21,5,3.3,0.034,0.92931,0.19963,,,,,,
TS1.2,FS5.2,15,8,0,1.2,0.013,0.24256,1,,,,,,
TS1.2,FS6,15,21,6,3.3,0.034,0.98141,0.07069,,,,,,
TS1.2,ND,15,9,3,1.4,0.015,0.96883,0.14507,,,,,,
TS1.2,SS1,15,11,2,1.7,0.018,0.7676,0.54302,,,,,,
TS1.2,SS2,15,11,1,1.7,0.018,0.45698,0.86252,,,,,,
TS1.2,SS3,15,7,2,1.1,0.011,0.92587,0.29984,,,,,,
TS1.2,FW1,15,50,9,7.8,0.081,0.82852,0.35088,,,,,,
TS1.2,FW3,15,16,4,2.5,0.026,0.92795,0.21782,,,,,,
TS1.2,FWND1,15,29,3,4.5,0.047,0.27059,0.89692,,,,,,
TS1.2,FWND2,15,45,10,7,0.073,0.97525,0.08204,,,,,,
TS1.2,FWND3,15,38,6,5.9,0.062,0.63107,0.59366,,,,,,
TS1.2,FWND4,15,7,1,1.1,0.011,0.70016,0.70827,,,,,,
TS1.2,T1,15,9,1,1.4,0.015,0.57333,0.79878,,,,,,
TS1.2,T2,15,49,9,7.7,0.08,0.85005,0.31858,,,,,,
TS1.2,T3,15,9,1,1.4,0.015,0.57333,0.79878,,,,,,
TS1.2,TND,15,11,2,1.7,0.018,0.7676,0.54302,,,,,,
TS1.2,C2,15,8,1,1.2,0.013,0.63591,0.75744,,,,,,
TS1.2,CND,15,7,1,1.1,0.011,0.70016,0.70827,,,,,,
TS1.2,GS1,15,12,1,1.9,0.02,0.40435,0.88678,,,,,,
TS1.2,I2,15,14,4,2.2,0.023,0.95951,0.14764,,,,,,
TS1.2,I3,15,8,2,1.2,0.013,0.8929,0.36409,,,,,,
TS1.2,O1,15,22,4,3.4,0.036,0.7675,0.46623,,,,,,
TS2,TS3,32,15,5,5,0.052,0.62485,0.60833,,,,,,
TS2,FS1,32,29,9,9.7,0.101,0.47294,0.706,,,,,,
TS2,FS1.1,32,15,8,5,0.052,0.97946,0.07049,,,,,,
TS2,FS1.2,32,18,8,6,0.062,0.91533,0.20115,,,,,,
TS2,FS1.3,32,4,1,1.3,0.014,0.59261,0.80873,,,,,,
TS2,FS1.4,32,5,4,1.7,0.017,0.99671,0.04095,,,,,,
TS2,FS2,32,27,10,9,0.094,0.7665,0.40071,,,,,,
TS2,FS2.1,32,30,16,10,0.104,0.99865,0.00554,,,,,,
TS2,FS3,32,25,9,8.3,0.087,0.72027,0.46201,,,,,,
TS2,FS4,32,10,2,3.3,0.035,0.28619,0.90844,,,,,,
TS2,FS5,32,35,17,11.7,0.122,0.99543,0.01534,,,,,,
TS2,FS5.1,32,21,11,7,0.073,0.98965,0.03533,,,,,,
TS2,FS5.2,32,8,2,2.7,0.028,0.46374,0.81671,,,,,,
TS2,FS6,32,21,8,7,0.073,0.78562,0.391,,,,,,
TS2,ND,32,9,4,3,0.031,0.86642,0.34505,,,,,,
TS2,SS1,32,11,2,3.7,0.038,0.21829,0.9366,,,,,,
TS2,SS2,32,11,2,3.7,0.038,0.21829,0.9366,,,,,,
TS2,SS3,32,7,3,2.3,0.024,0.83509,0.42931,,,,,,
TS2,FW1,32,50,19,16.7,0.174,0.89049,0.21369,,,,,,
TS2,FW2,32,5,3,1.7,0.017,0.95905,0.20454,,,,,,
TS2,FW3,32,16,4,5.3,0.056,0.32101,0.85732,,,,,,
TS2,FWND1,32,29,13,9.7,0.101,0.96344,0.09175,,,,,,
TS2,FWND2,32,45,16,15,0.156,0.74252,0.41368,,,,,,
TS2,FWND3,32,38,19,12.7,0.132,0.99873,0.00503,,,,,,
TS2,FWND4,32,7,2,2.3,0.024,0.57069,0.74659,,,,,,
TS2,FWND,32,6,4,2,0.021,0.98512,0.09308,,,,,,
TS2,T1,32,9,3,3,0.031,0.65495,0.63187,,,,,,
TS2,T2,32,49,22,16.3,0.17,0.9965,0.01217,,,,,,
TS2,T3,32,9,4,3,0.031,0.86642,0.34505,,,,,,
TS2,TND.1,32,3,1,1,0.01,0.74311,0.7084,,,,,,
TS2,TND2,32,3,1,1,0.01,0.74311,0.7084,,,,,,
TS2,TND,32,11,6,3.7,0.038,0.97009,0.10826,,,,,,
TS2,C1,32,5,4,1.7,0.017,0.99671,0.04095,,,,,,
TS2,C2,32,8,2,2.7,0.028,0.46374,0.81671,,,,,,
TS2,C3,32,5,1,1.7,0.017,0.45737,0.87526,,,,,,
TS2,CND,32,7,1,2.3,0.024,0.25341,0.94788,,,,,,
TS2,GS1,32,12,6,4,0.042,0.94613,0.16264,,,,,,
TS2,I1,32,4,3,1.3,0.014,0.98918,0.10638,,,,,,
TS2,I2,32,14,4,4.7,0.049,0.46939,0.75823,,,,,,
TS2,I3,32,8,3,2.7,0.028,0.74894,0.53626,,,,,,
TS2,I4,32,4,3,1.3,0.014,0.98918,0.10638,,,,,,
TS2,O1,32,22,9,7.3,0.076,0.86725,0.2709,,,,,,
TS2,O2,32,4,2,1.3,0.014,0.89362,0.40739,,,,,,
TS2,G1,32,5,2,1.7,0.017,0.79546,0.54263,,,,,,
TS2,G2,32,6,2,2,0.021,0.684,0.65594,,,,,,
TS2,G3,32,3,0,1,0.01,0.2916,1,,,,,,
TS3,FS1,15,29,5,4.5,0.047,0.72904,0.49609,,,,,,
TS3,FS1.1,15,15,4,2.3,0.024,0.94513,0.18138,,,,,,
TS3,FS1.2,15,18,7,2.8,0.029,0.99901,0.00669,,,,,,
TS3,FS2,15,27,4,4.2,0.044,0.58173,0.66295,,,,,,
TS3,FS2.1,15,30,4,4.7,0.049,0.4656,0.75941,,,,,,
TS3,FS3,15,25,5,3.9,0.041,0.84649,0.34104,,,,,,
TS3,FS4,15,10,4,1.6,0.016,0.99239,0.04688,,,,,,
TS3,FS5,15,35,8,5.5,0.057,0.95977,0.11873,,,,,,
TS3,FS5.1,15,21,4,3.3,0.034,0.80037,0.42373,,,,,,
TS3,FS5.2,15,8,3,1.2,0.013,0.98081,0.1071,,,,,,
TS3,FS6,15,21,5,3.3,0.034,0.92931,0.19963,,,,,,
TS3,ND,15,9,3,1.4,0.015,0.96883,0.14507,,,,,,
TS3,SS1,15,11,2,1.7,0.018,0.7676,0.54302,,,,,,
TS3,SS2,15,11,4,1.7,0.018,0.98737,0.06645,,,,,,
TS3,SS3,15,7,3,1.1,0.011,0.98938,0.07413,,,,,,
TS3,FW1,15,50,10,7.8,0.081,0.93616,0.17148,,,,,,
TS3,FW3,15,16,2,2.5,0.026,0.52427,0.76481,,,,,,
TS3,FWND1,15,29,3,4.5,0.047,0.27059,0.89692,,,,,,
TS3,FWND2,15,45,7,7,0.073,0.6052,0.6157,,,,,,
TS3,FWND3,15,38,7,5.9,0.062,0.81599,0.36893,,,,,,
TS3,FWND4,15,7,1,1.1,0.011,0.70016,0.70827,,,,,,
TS3,T1,15,9,3,1.4,0.015,0.96883,0.14507,,,,,,
TS3,T2,15,49,7,7.7,0.08,0.4646,0.74189,,,,,,
TS3,T3,15,9,0,1.4,0.015,0.20122,1,,,,,,
TS3,TND,15,11,3,1.7,0.018,0.93355,0.2324,,,,,,
TS3,C2,15,8,1,1.2,0.013,0.63591,0.75744,,,,,,
TS3,CND,15,7,0,1.1,0.011,0.29173,1,,,,,,
TS3,GS1,15,12,1,1.9,0.02,0.40435,0.88678,,,,,,
TS3,I2,15,14,4,2.2,0.023,0.95951,0.14764,,,,,,
TS3,I3,15,8,2,1.2,0.013,0.8929,0.36409,,,,,,
TS3,O1,15,22,5,3.4,0.036,0.91212,0.2325,,,,,,
FS1,FS1.1,29,15,6,4.5,0.047,0.8843,0.27096,,,,,,
FS1,FS1.2,29,18,5,5.4,0.057,0.52378,0.6965,,,,,,
FS1,FS1.3,29,4,1,1.2,0.013,0.64893,0.76927,,,,,,
FS1,FS1.4,29,5,2,1.5,0.016,0.83985,0.47835,,,,,,
FS1,FS2,29,27,8,8.2,0.085,0.57288,0.6219,,,,,,
FS1,FS2.1,29,30,12,9.1,0.094,0.9489,0.12186,,,,,,
FS1,FS3,29,25,7,7.6,0.079,0.49606,0.69838,,,,,,
FS1,FS4,29,10,5,3,0.031,0.96019,0.14148,,,,,,
FS1,FS5,29,35,12,10.6,0.11,0.81365,0.33201,,,,,,
FS1,FS5.1,29,21,1,6.3,0.066,0.00231,0.99983,,,,,,
FS1,FS5.2,29,8,3,2.4,0.025,0.81107,0.45506,,,,,,
FS1,FS6,29,21,8,6.3,0.066,0.87587,0.26332,,,,,,
FS1,ND,29,9,1,2.7,0.028,0.17886,0.96702,,,,,,
FS1,SS1,29,11,3,3.3,0.035,0.56322,0.70703,,,,,,
FS1,SS2,29,11,1,3.3,0.035,0.09612,0.98543,,,,,,
FS1,SS3,29,7,5,2.1,0.022,0.9972,0.02483,,,,,,
FS1,FW1,29,50,21,15.1,0.157,0.99806,0.00765,,,,,,
FS1,FW2,29,5,2,1.5,0.016,0.83985,0.47835,,,,,,
FS1,FW3,29,16,8,4.8,0.05,0.98326,0.05901,,,,,,
FS1,FWND1,29,29,12,8.8,0.091,0.96333,0.09356,,,,,,
FS1,FWND2,29,45,12,13.6,0.142,0.3138,0.82434,,,,,,
FS1,FWND3,29,38,11,11.5,0.12,0.50631,0.66976,,,,,,
FS1,FWND4,29,7,3,2.1,0.022,0.87971,0.35526,,,,,,
FS1,FWND,29,6,2,1.8,0.019,0.74544,0.59024,,,,,,
FS1,T1,29,9,1,2.7,0.028,0.17886,0.96702,,,,,,
FS1,T2,29,49,21,14.8,0.154,0.99874,0.00525,,,,,,
FS1,T3,29,9,4,2.7,0.028,0.90935,0.26756,,,,,,
FS1,TND,29,11,4,3.3,0.035,0.79743,0.43678,,,,,,
FS1,C1,29,5,0,1.5,0.016,0.158,1,,,,,,
FS1,C2,29,8,4,2.4,0.025,0.94836,0.18893,,,,,,
FS1,C3,29,5,0,1.5,0.016,0.158,1,,,,,,
FS1,CND,29,7,4,2.1,0.022,0.97517,0.12029,,,,,,
FS1,GS1,29,12,4,3.6,0.038,0.72854,0.51945,,,,,,
FS1,I1,29,4,2,1.2,0.013,0.91915,0.35107,,,,,,
FS1,I2,29,14,5,4.2,0.044,0.79115,0.42105,,,,,,
FS1,I3,29,8,3,2.4,0.025,0.81107,0.45506,,,,,,
FS1,I4,29,4,1,1.2,0.013,0.64893,0.76927,,,,,,
FS1,O1,29,22,3,6.6,0.069,0.04342,0.98966,,,,,,
FS1,O2,29,4,1,1.2,0.013,0.64893,0.76927,,,,,,
FS1,G1,29,5,0,1.5,0.016,0.158,1,,,,,,
FS1,G2,29,6,1,1.8,0.019,0.40976,0.89235,,,,,,
FS1.1,FS1.2,15,18,4,2.8,0.029,0.88501,0.29694,,,,,,
FS1.1,FS2,15,27,4,4.2,0.044,0.58173,0.66295,,,,,,
FS1.1,FS2.1,15,30,9,4.7,0.049,0.99761,0.01232,,,,,,
FS1.1,FS3,15,25,4,3.9,0.041,0.65896,0.58865,,,,,,
FS1.1,FS4,15,10,2,1.6,0.016,0.81286,0.48655,,,,,,
FS1.1,FS5,15,35,9,5.5,0.057,0.98974,0.04023,,,,,,
FS1.1,FS5.1,15,21,5,3.3,0.034,0.92931,0.19963,,,,,,
FS1.1,FS5.2,15,8,3,1.2,0.013,0.98081,0.1071,,,,,,
FS1.1,FS6,15,21,7,3.3,0.034,0.99641,0.01859,,,,,,
FS1.1,ND,15,9,1,1.4,0.015,0.57333,0.79878,,,,,,
FS1.1,SS1,15,11,1,1.7,0.018,0.45698,0.86252,,,,,,
FS1.1,SS2,15,11,2,1.7,0.018,0.7676,0.54302,,,,,,
FS1.1,SS3,15,7,2,1.1,0.011,0.92587,0.29984,,,,,,
FS1.1,FW1,15,50,10,7.8,0.081,0.93616,0.17148,,,,,,
FS1.1,FW3,15,16,2,2.5,0.026,0.52427,0.76481,,,,,,
FS1.1,FWND1,15,29,4,4.5,0.047,0.50391,0.72941,,,,,,
FS1.1,FWND2,15,45,11,7,0.073,0.99464,0.02475,,,,,,
FS1.1,FWND3,15,38,6,5.9,0.062,0.63107,0.59366,,,,,,
FS1.1,FWND4,15,7,1,1.1,0.011,0.70016,0.70827,,,,,,
FS1.1,T1,15,9,1,1.4,0.015,0.57333,0.79878,,,,,,
FS1.1,T2,15,49,13,7.7,0.08,0.99975,0.00242,,,,,,
FS1.1,T3,15,9,2,1.4,0.015,0.85493,0.42667,,,,,,
FS1.1,TND,15,11,4,1.7,0.018,0.98737,0.06645,,,,,,
FS1.1,C2,15,8,3,1.2,0.013,0.98081,0.1071,,,,,,
FS1.1,CND,15,7,1,1.1,0.011,0.70016,0.70827,,,,,,
FS1.1,GS1,15,12,4,1.9,0.02,0.9804,0.08988,,,,,,
FS1.1,I2,15,14,4,2.2,0.023,0.95951,0.14764,,,,,,
FS1.1,I3,15,8,1,1.2,0.013,0.63591,0.75744,,,,,,
FS1.1,O1,15,22,7,3.4,0.036,0.99481,0.02484,,,,,,
FS1.2,FS2,18,27,8,5.1,0.053,0.97423,0.08097,,,,,,
FS1.2,FS2.1,18,30,8,5.6,0.059,0.9449,0.14539,,,,,,
FS1.2,FS3,18,25,8,4.7,0.049,0.98584,0.05067,,,,,,
FS1.2,FS4,18,10,4,1.9,0.02,0.98139,0.08829,,,,,,
FS1.2,FS5,18,35,9,6.6,0.068,0.94304,0.14648,,,,,,
FS1.2,FS5.1,18,21,5,3.9,0.041,0.8392,0.34915,,,,,,
FS1.2,FS5.2,18,8,1,1.5,0.016,0.53545,0.82318,,,,,,
FS1.2,FS6,18,21,2,3.9,0.041,0.18382,0.94745,,,,,,
FS1.2,ND,18,9,4,1.7,0.018,0.98941,0.06042,,,,,,
FS1.2,SS1,18,11,2,2.1,0.021,0.66143,0.65496,,,,,,
FS1.2,SS2,18,11,3,2.1,0.021,0.87838,0.33857,,,,,,
FS1.2,SS3,18,7,3,1.3,0.014,0.97819,0.11947,,,,,,
FS1.2,FW1,18,50,10,9.4,0.098,0.72103,0.47493,,,,,,
FS1.2,FW3,18,16,1,3,0.031,0.14469,0.97403,,,,,,
FS1.2,FWND1,18,29,6,5.4,0.057,0.73205,0.47622,,,,,,
FS1.2,FWND2,18,45,11,8.4,0.088,0.94596,0.13996,,,,,,
FS1.2,FWND3,18,38,9,7.1,0.074,0.89714,0.22978,,,,,,
FS1.2,FWND4,18,7,2,1.3,0.014,0.88053,0.39046,,,,,,
FS1.2,FWND,18,6,1,1.1,0.012,0.68697,0.72294,,,,,,
FS1.2,T1,18,9,2,1.7,0.018,0.77793,0.53383,,,,,,
FS1.2,T2,18,49,10,9.2,0.096,0.75319,0.43574,,,,,,
FS1.2,T3,18,9,3,1.7,0.018,0.93958,0.22207,,,,,,
FS1.2,TND,18,11,4,2.1,0.021,0.97005,0.12162,,,,,,
FS1.2,C2,18,8,2,1.5,0.016,0.83181,0.46455,,,,,,
FS1.2,CND,18,7,0,1.3,0.014,0.22165,1,,,,,,
FS1.2,GS1,18,12,5,2.2,0.023,0.99119,0.04505,,,,,,
FS1.2,I2,18,14,2,2.6,0.027,0.48633,0.79136,,,,,,
FS1.2,I3,18,8,1,1.5,0.016,0.53545,0.82318,,,,,,
FS1.2,O1,18,22,7,4.1,0.043,0.97837,0.07375,,,,,,
FS1.2,G2,18,6,0,1.1,0.012,0.27706,1,,,,,,
FS1.3,FS2,4,27,1,1.1,0.012,0.68608,0.73976,,,,,,
FS1.3,FS2.1,4,30,1,1.2,0.013,0.63021,0.78304,,,,,,
FS1.3,FS3,4,25,1,1,0.011,0.72262,0.70751,,,,,,
FS1.3,FS5,4,35,1,1.5,0.015,0.53628,0.84291,,,,,,
FS1.3,FW1,4,50,1,2.1,0.022,0.2776,0.95088,,,,,,
FS1.3,FWND1,4,29,2,1.2,0.013,0.91915,0.35107,,,,,,
FS1.3,FWND2,4,45,2,1.9,0.02,0.7373,0.64267,,,,,,
FS1.3,FWND3,4,38,1,1.6,0.016,0.48068,0.87228,,,,,,
FS1.3,T2,4,49,2,2,0.021,0.67555,0.70713,,,,,,
FS1.4,FS2,5,27,1,1.4,0.015,0.56574,0.81614,,,,,,
FS1.4,FS2.1,5,30,3,1.6,0.016,0.96808,0.1744,,,,,,
FS1.4,FS3,5,25,3,1.3,0.014,0.98444,0.10907,,,,,,
FS1.4,FS5,5,35,4,1.8,0.019,0.99469,0.05756,,,,,,
FS1.4,FS5.1,5,21,3,1.1,0.011,0.99232,0.06806,,,,,,
FS1.4,FS6,5,21,2,1.1,0.011,0.93194,0.30005,,,,,,
FS1.4,FW1,5,50,5,2.6,0.027,1,0.03466,,,,,,
FS1.4,FWND1,5,29,2,1.5,0.016,0.83985,0.47835,,,,,,
FS1.4,FWND2,5,45,4,2.3,0.024,0.98001,0.1443,,,,,,
FS1.4,FWND3,5,38,4,2,0.021,0.99179,0.07825,,,,,,
FS1.4,T2,5,49,5,2.6,0.027,1,0.0312,,,,,,
FS1.4,O1,5,22,2,1.1,0.012,0.92266,0.32232,,,,,,
FS2,FS2.1,27,30,10,8.4,0.088,0.84379,0.29824,,,,,,
FS2,FS3,27,25,12,7,0.073,0.99707,0.01187,,,,,,
FS2,FS4,27,10,3,2.8,0.029,0.70575,0.57402,,,,,,
FS2,FS5,27,35,12,9.8,0.103,0.89416,0.21644,,,,,,
FS2,FS5.1,27,21,4,5.9,0.062,0.22331,0.91049,,,,,,
FS2,FS5.2,27,8,3,2.2,0.023,0.84797,0.39994,,,,,,
FS2,FS6,27,21,4,5.9,0.062,0.22331,0.91049,,,,,,
FS2,ND,27,9,4,2.5,0.026,0.93248,0.21964,,,,,,
FS2,SS1,27,11,1,3.1,0.032,0.12479,0.97932,,,,,,
FS2,SS2,27,11,4,3.1,0.032,0.84238,0.37232,,,,,,
FS2,SS3,27,7,2,2,0.021,0.69303,0.63793,,,,,,
FS2,FW1,27,50,15,14.1,0.146,0.74268,0.42188,,,,,,
FS2,FW2,27,5,2,1.4,0.015,0.8666,0.43426,,,,,,
FS2,FW3,27,16,4,4.5,0.047,0.51226,0.72135,,,,,,
FS2,FWND1,27,29,10,8.2,0.085,0.87599,0.2509,,,,,,
FS2,FWND2,27,45,16,12.7,0.132,0.95995,0.09791,,,,,,
FS2,FWND3,27,38,12,10.7,0.111,0.80039,0.35097,,,,,,
FS2,FWND4,27,7,2,2,0.021,0.69303,0.63793,,,,,,
FS2,FWND,27,6,1,1.7,0.018,0.45663,0.87069,,,,,,
FS2,T1,27,9,3,2.5,0.026,0.78036,0.49009,,,,,,
FS2,T2,27,49,16,13.8,0.144,0.89175,0.21782,,,,,,
FS2,T3,27,9,3,2.5,0.026,0.78036,0.49009,,,,,,
FS2,TND,27,11,3,3.1,0.032,0.62768,0.64965,,,,,,
FS2,C1,27,5,2,1.4,0.015,0.8666,0.43426,,,,,,
FS2,C2,27,8,3,2.2,0.023,0.84797,0.39994,,,,,,
FS2,C3,27,5,2,1.4,0.015,0.8666,0.43426,,,,,,
FS2,CND,27,7,5,2,0.021,0.99821,0.01768,,,,,,
FS2,GS1,27,12,6,3.4,0.035,0.98052,0.07628,,,,,,
FS2,I1,27,4,1,1.1,0.012,0.68608,0.73976,,,,,,
FS2,I2,27,14,3,3.9,0.041,0.4023,0.82063,,,,,,
FS2,I3,27,8,3,2.2,0.023,0.84797,0.39994,,,,,,
FS2,I4,27,4,1,1.1,0.012,0.68608,0.73976,,,,,,
FS2,O1,27,22,6,6.2,0.064,0.57515,0.63719,,,,,,
FS2,O2,27,4,3,1.1,0.012,0.99472,0.06604,,,,,,
FS2,G1,27,5,2,1.4,0.015,0.8666,0.43426,,,,,,
FS2,G2,27,6,1,1.7,0.018,0.45663,0.87069,,,,,,
FS2.1,FS3,30,25,9,7.8,0.081,0.80252,0.36029,,,,,,
FS2.1,FS4,30,10,2,3.1,0.033,0.33864,0.88285,,,,,,
FS2.1,FS5,30,35,17,10.9,0.114,0.99855,0.00579,,,,,,
FS2.1,FS5.1,30,21,7,6.6,0.068,0.69588,0.50555,,,,,,
FS2.1,FS5.2,30,8,3,2.5,0.026,0.79121,0.48243,,,,,,
FS2.1,FS6,30,21,7,6.6,0.068,0.69588,0.50555,,,,,,
FS2.1,ND,30,9,2,2.8,0.029,0.42274,0.83855,,,,,,
FS2.1,SS1,30,11,3,3.4,0.036,0.53095,0.73347,,,,,,
FS2.1,SS2,30,11,2,3.4,0.036,0.26653,0.91605,,,,,,
FS2.1,SS3,30,7,3,2.2,0.023,0.86568,0.37981,,,,,,
FS2.1,FW1,30,50,22,15.6,0.163,0.99896,0.00441,,,,,,
FS2.1,FW2,30,5,2,1.6,0.016,0.8256,0.50006,,,,,,
FS2.1,FW3,30,16,7,5,0.052,0.92745,0.18633,,,,,,
FS2.1,FWND1,30,29,14,9.1,0.094,0.9949,0.01779,,,,,,
FS2.1,FWND2,30,45,23,14.1,0.146,0.99999,8.00E-05,,,,,,
FS2.1,FWND3,30,38,13,11.9,0.124,0.7685,0.38726,,,,,,
FS2.1,FWND4,30,7,1,2.2,0.023,0.29403,0.93466,,,,,,
FS2.1,FWND,30,6,3,1.9,0.02,0.9258,0.2746,,,,,,
FS2.1,T1,30,9,4,2.8,0.029,0.89615,0.29275,,,,,,
FS2.1,T2,30,49,20,15.3,0.16,0.98933,0.03199,,,,,,
FS2.1,T3,30,9,5,2.8,0.029,0.97537,0.10385,,,,,,
FS2.1,TND,30,11,6,3.4,0.036,0.97995,0.08022,,,,,,
FS2.1,C1,30,5,2,1.6,0.016,0.8256,0.50006,,,,,,
FS2.1,C2,30,8,4,2.5,0.026,0.94016,0.20879,,,,,,
FS2.1,C3,30,5,0,1.6,0.016,0.14621,1,,,,,,
FS2.1,CND,30,7,2,2.2,0.023,0.62019,0.70597,,,,,,
FS2.1,GS1,30,12,7,3.8,0.039,0.99209,0.03704,,,,,,
FS2.1,I1,30,4,1,1.2,0.013,0.63021,0.78304,,,,,,
FS2.1,I2,30,14,5,4.4,0.046,0.76264,0.45778,,,,,,
FS2.1,I3,30,8,1,2.5,0.026,0.21951,0.95669,,,,,,
FS2.1,I4,30,4,2,1.2,0.013,0.91109,0.36979,,,,,,
FS2.1,O1,30,22,7,6.9,0.072,0.63411,0.57073,,,,,,
FS2.1,O2,30,4,2,1.2,0.013,0.91109,0.36979,,,,,,
FS2.1,G1,30,5,1,1.6,0.016,0.49994,0.85379,,,,,,
FS2.1,G2,30,6,1,1.9,0.02,0.38721,0.90199,,,,,,
FS3,FS4,25,10,3,2.6,0.027,0.76012,0.51105,,,,,,
FS3,FS5,25,35,10,9.1,0.095,0.75001,0.42226,,,,,,
FS3,FS5.1,25,21,6,5.5,0.057,0.72444,0.48262,,,,,,
FS3,FS5.2,25,8,3,2.1,0.022,0.88082,0.34501,,,,,,
FS3,FS6,25,21,7,5.5,0.057,0.87234,0.27556,,,,,,
FS3,ND,25,9,4,2.3,0.024,0.95139,0.17564,,,,,,
FS3,SS1,25,11,6,2.9,0.03,0.99394,0.0322,,,,,,
FS3,SS2,25,11,7,2.9,0.03,0.99924,0.00606,,,,,,
FS3,SS3,25,7,2,1.8,0.019,0.73968,0.58803,,,,,,
FS3,FW1,25,50,10,13,0.136,0.12028,0.94965,,,,,,
FS3,FW2,25,5,2,1.3,0.014,0.89093,0.38959,,,,,,
FS3,FW3,25,16,5,4.2,0.043,0.80018,0.40524,,,,,,
FS3,FWND1,25,29,12,7.6,0.079,0.99296,0.02455,,,,,,
FS3,FWND2,25,45,13,11.7,0.122,0.79681,0.35737,,,,,,
FS3,FWND3,25,38,11,9.9,0.103,0.77804,0.38432,,,,,,
FS3,FWND4,25,7,4,1.8,0.019,0.98783,0.07283,,,,,,
FS3,FWND,25,6,4,1.6,0.016,0.99574,0.03817,,,,,,
FS3,T1,25,9,1,2.3,0.024,0.26258,0.94256,,,,,,
FS3,T2,25,49,13,12.8,0.133,0.6341,0.54843,,,,,,
FS3,T3,25,9,3,2.3,0.024,0.82436,0.4297,,,,,,
FS3,TND,25,11,5,2.9,0.03,0.9678,0.11849,,,,,,
FS3,C1,25,5,0,1.3,0.014,0.21301,1,,,,,,
FS3,C2,25,8,3,2.1,0.022,0.88082,0.34501,,,,,,
FS3,C3,25,5,4,1.3,0.014,0.99913,0.01556,,,,,,
FS3,CND,25,7,5,1.8,0.019,0.9989,0.01217,,,,,,
FS3,GS1,25,12,4,3.1,0.033,0.83438,0.38107,,,,,,
FS3,I1,25,4,0,1,0.011,0.29249,1,,,,,,
FS3,I2,25,14,5,3.6,0.038,0.88682,0.27853,,,,,,
FS3,I3,25,8,2,2.1,0.022,0.65499,0.66903,,,,,,
FS3,I4,25,4,2,1,0.011,0.94703,0.27738,,,,,,
FS3,O1,25,22,7,5.7,0.06,0.83684,0.32802,,,,,,
FS3,O2,25,4,3,1,0.011,0.99619,0.05297,,,,,,
FS3,G1,25,5,2,1.3,0.014,0.89093,0.38959,,,,,,
FS3,G2,25,6,2,1.6,0.016,0.82003,0.4944,,,,,,
FS4,FS5,10,35,3,3.6,0.038,0.47028,0.78286,,,,,,
FS4,FS5.1,10,21,5,2.2,0.023,0.9934,0.03773,,,,,,
FS4,FS6,10,21,3,2.2,0.023,0.85543,0.3786,,,,,,
FS4,SS1,10,11,1,1.1,0.012,0.67892,0.72259,,,,,,
FS4,SS2,10,11,1,1.1,0.012,0.67892,0.72259,,,,,,
FS4,FW1,10,50,5,5.2,0.054,0.5753,0.68217,,,,,,
FS4,FW3,10,16,1,1.7,0.017,0.47491,0.85403,,,,,,
FS4,FWND1,10,29,4,3,0.031,0.85852,0.35161,,,,,,
FS4,FWND2,10,45,5,4.7,0.049,0.70712,0.54732,,,,,,
FS4,FWND3,10,38,6,4,0.041,0.95743,0.14641,,,,,,
FS4,T2,10,49,8,5.1,0.053,0.99071,0.05251,,,,,,
FS4,TND,10,11,1,1.1,0.012,0.67892,0.72259,,,,,,
FS4,GS1,10,12,2,1.2,0.013,0.89149,0.36359,,,,,,
FS4,I2,10,14,2,1.5,0.015,0.84091,0.44663,,,,,,
FS4,O1,10,22,1,2.3,0.024,0.27925,0.93631,,,,,,
FS5,FS5.1,35,21,9,7.7,0.08,0.8282,0.32902,,,,,,
FS5,FS5.2,35,8,1,2.9,0.03,0.13736,0.97779,,,,,,
FS5,FS6,35,21,8,7.7,0.08,0.67098,0.52655,,,,,,
FS5,ND,35,9,4,3.3,0.034,0.81363,0.42663,,,,,,
FS5,SS1,35,11,4,4,0.042,0.63511,0.62391,,,,,,
FS5,SS2,35,11,4,4,0.042,0.63511,0.62391,,,,,,
FS5,SS3,35,7,5,2.6,0.027,0.99113,0.05871,,,,,,
FS5,FW1,35,50,25,18.2,0.19,0.99911,0.00361,,,,,,
FS5,FW2,35,5,3,1.8,0.019,0.94244,0.25352,,,,,,
FS5,FW3,35,16,8,5.8,0.061,0.9336,0.17105,,,,,,
FS5,FWND1,35,29,9,10.6,0.11,0.31267,0.83052,,,,,,
FS5,FWND2,35,45,24,16.4,0.171,0.99974,0.00121,,,,,,
FS5,FWND3,35,38,10,13.9,0.144,0.07199,0.97165,,,,,,
FS5,FWND4,35,7,3,2.6,0.027,0.78319,0.50337,,,,,,
FS5,FWND,35,6,3,2.2,0.023,0.87353,0.38056,,,,,,
FS5,T1,35,9,5,3.3,0.034,0.94429,0.18637,,,,,,
FS5,T2,35,49,23,17.9,0.186,0.99193,0.02419,,,,,,
FS5,T3,35,9,3,3.3,0.034,0.57337,0.70692,,,,,,
FS5,TND.1,35,3,1,1.1,0.011,0.70017,0.74811,,,,,,
FS5,TND2,35,3,2,1.1,0.011,0.95419,0.29983,,,,,,
FS5,TND,35,11,6,4,0.042,0.94901,0.16049,,,,,,
FS5,C1,35,5,1,1.8,0.019,0.39615,0.90267,,,,,,
FS5,C2,35,8,2,2.9,0.03,0.38651,0.86264,,,,,,
FS5,C3,35,5,2,1.8,0.019,0.74648,0.60385,,,,,,
FS5,CND,35,7,4,2.6,0.027,0.94129,0.21681,,,,,,
FS5,GS1,35,12,4,4.4,0.046,0.54064,0.70619,,,,,,
FS5,I1,35,4,2,1.5,0.015,0.86405,0.46372,,,,,,
FS5,I2,35,14,6,5.1,0.053,0.80054,0.39921,,,,,,
FS5,I3,35,8,4,2.9,0.03,0.88622,0.31985,,,,,,
FS5,I4,35,4,3,1.5,0.015,0.98424,0.13595,,,,,,
FS5,O1,35,22,9,8,0.084,0.77369,0.40013,,,,,,
FS5,O2,35,4,1,1.5,0.015,0.53628,0.84291,,,,,,
FS5,G1,35,5,1,1.8,0.019,0.39615,0.90267,,,,,,
FS5,G2,35,6,1,2.2,0.023,0.2845,0.94011,,,,,,
FS5,G3,35,3,1,1.1,0.011,0.70017,0.74811,,,,,,
FS5.1,FS5.2,21,8,2,1.7,0.018,0.76046,0.55843,,,,,,
FS5.1,FS6,21,21,6,4.6,0.048,0.8713,0.28684,,,,,,
FS5.1,ND,21,9,1,2,0.021,0.37013,0.90313,,,,,,
FS5.1,SS1,21,11,3,2.4,0.025,0.80645,0.44799,,,,,,
FS5.1,SS2,21,11,3,2.4,0.025,0.80645,0.44799,,,,,,
FS5.1,SS3,21,7,2,1.5,0.016,0.82538,0.47871,,,,,,
FS5.1,FW1,21,50,12,10.9,0.114,0.77947,0.39148,,,,,,
FS5.1,FW2,21,5,1,1.1,0.011,0.69995,0.71763,,,,,,
FS5.1,FW3,21,16,5,3.5,0.036,0.90384,0.24666,,,,,,
FS5.1,FWND1,21,29,5,6.3,0.066,0.33151,0.83907,,,,,,
FS5.1,FWND2,21,45,14,9.8,0.103,0.98972,0.03498,,,,,,
FS5.1,FWND3,21,38,12,8.3,0.087,0.98207,0.05478,,,,,,
FS5.1,FWND4,21,7,2,1.5,0.016,0.82538,0.47871,,,,,,
FS5.1,FWND,21,6,2,1.3,0.014,0.8835,0.39183,,,,,,
FS5.1,T1,21,9,3,2,0.021,0.89817,0.30839,,,,,,
FS5.1,T2,21,49,12,10.7,0.112,0.81024,0.35046,,,,,,
FS5.1,T3,21,9,3,2,0.021,0.89817,0.30839,,,,,,
FS5.1,TND,21,11,2,2.4,0.025,0.55201,0.74707,,,,,,
FS5.1,C1,21,5,0,1.1,0.011,0.28237,1,,,,,,
FS5.1,C2,21,8,2,1.7,0.018,0.76046,0.55843,,,,,,
FS5.1,C3,21,5,1,1.1,0.011,0.69995,0.71763,,,,,,
FS5.1,CND,21,7,0,1.5,0.016,0.16652,1,,,,,,
FS5.1,GS1,21,12,3,2.6,0.027,0.75257,0.51484,,,,,,
FS5.1,I2,21,14,4,3.1,0.032,0.84335,0.36397,,,,,,
FS5.1,I3,21,8,3,1.7,0.018,0.93357,0.23954,,,,,,
FS5.1,O1,21,22,7,4.8,0.05,0.93907,0.16033,,,,,,
FS5.1,G1,21,5,2,1.1,0.011,0.93194,0.30005,,,,,,
FS5.1,G2,21,6,2,1.3,0.014,0.8835,0.39183,,,,,,
FS5.2,FS6,8,21,1,1.7,0.018,0.44157,0.87277,,,,,,
FS5.2,FW1,8,50,4,4.2,0.043,0.59471,0.6887,,,,,,
FS5.2,FW3,8,16,0,1.3,0.014,0.21861,1,,,,,,
FS5.2,FWND1,8,29,4,2.4,0.025,0.94836,0.18893,,,,,,
FS5.2,FWND2,8,45,2,3.8,0.039,0.17855,0.95591,,,,,,
FS5.2,FWND3,8,38,4,3.2,0.033,0.8429,0.39328,,,,,,
FS5.2,T2,8,49,6,4.1,0.043,0.96615,0.14785,,,,,,
FS5.2,GS1,8,12,2,1,0.01,0.94098,0.26134,,,,,,
FS5.2,I2,8,14,0,1.2,0.012,0.26879,1,,,,,,
FS5.2,O1,8,22,4,1.8,0.019,0.98551,0.07797,,,,,,
FS6,ND,21,9,2,2,0.021,0.69161,0.62987,,,,,,
FS6,SS1,21,11,3,2.4,0.025,0.80645,0.44799,,,,,,
FS6,SS2,21,11,4,2.4,0.025,0.94115,0.19355,,,,,,
FS6,SS3,21,7,2,1.5,0.016,0.82538,0.47871,,,,,,
FS6,FW1,21,50,14,10.9,0.114,0.96198,0.10218,,,,,,
FS6,FW2,21,5,2,1.1,0.011,0.93194,0.30005,,,,,,
FS6,FW3,21,16,6,3.5,0.036,0.97177,0.09616,,,,,,
FS6,FWND1,21,29,9,6.3,0.066,0.95263,0.12413,,,,,,
FS6,FWND2,21,45,13,9.8,0.103,0.96502,0.09439,,,,,,
FS6,FWND3,21,38,8,8.3,0.087,0.54158,0.65567,,,,,,
FS6,FWND4,21,7,3,1.5,0.016,0.961,0.17462,,,,,,
FS6,FWND,21,6,2,1.3,0.014,0.8835,0.39183,,,,,,
FS6,T1,21,9,1,2,0.021,0.37013,0.90313,,,,,,
FS6,T2,21,49,14,10.7,0.112,0.97006,0.08422,,,,,,
FS6,T3,21,9,5,2,0.021,0.99691,0.02216,,,,,,
FS6,TND,21,11,3,2.4,0.025,0.80645,0.44799,,,,,,
FS6,C1,21,5,0,1.1,0.011,0.28237,1,,,,,,
FS6,C2,21,8,3,1.7,0.018,0.93357,0.23954,,,,,,
FS6,C3,21,5,3,1.1,0.011,0.99232,0.06806,,,,,,
FS6,CND,21,7,2,1.5,0.016,0.82538,0.47871,,,,,,
FS6,GS1,21,12,4,2.6,0.027,0.91421,0.24743,,,,,,
FS6,I2,21,14,7,3.1,0.032,0.99806,0.01159,,,,,,
FS6,I3,21,8,4,1.7,0.018,0.98843,0.06643,,,,,,
FS6,O1,21,22,5,4.8,0.05,0.66572,0.56067,,,,,,
FS6,G1,21,5,0,1.1,0.011,0.28237,1,,,,,,
FS6,G2,21,6,1,1.3,0.014,0.60817,0.78279,,,,,,
ND,SS1,9,11,1,1,0.011,0.72585,0.68244,,,,,,
ND,SS2,9,11,2,1,0.011,0.93524,0.27415,,,,,,
ND,FW1,9,50,5,4.7,0.049,0.71324,0.55344,,,,,,
ND,FW3,9,16,0,1.5,0.016,0.17886,1,,,,,,
ND,FWND1,9,29,2,2.7,0.028,0.45119,0.82114,,,,,,
ND,FWND2,9,45,4,4.2,0.044,0.5799,0.69005,,,,,,
ND,FWND3,9,38,5,3.6,0.037,0.9159,0.24836,,,,,,
ND,T2,9,49,5,4.6,0.048,0.73556,0.52677,,,,,,
ND,TND,9,11,3,1,0.011,0.99089,0.06476,,,,,,
ND,GS1,9,12,2,1.1,0.012,0.91799,0.31257,,,,,,
ND,I2,9,14,2,1.3,0.014,0.87771,0.38912,,,,,,
ND,O1,9,22,3,2.1,0.021,0.88164,0.3384,,,,,,
SS1,SS2,11,11,5,1.3,0.013,0.99982,0.00247,,,,,,
SS1,FW1,11,50,5,5.7,0.06,0.44058,0.78446,,,,,,
SS1,FW3,11,16,3,1.8,0.019,0.91716,0.26692,,,,,,
SS1,FWND1,11,29,5,3.3,0.035,0.93182,0.20257,,,,,,
SS1,FWND2,11,45,5,5.2,0.054,0.58878,0.66073,,,,,,
SS1,FWND3,11,38,2,4.4,0.045,0.10995,0.97493,,,,,,
SS1,T1,11,9,2,1,0.011,0.93524,0.27415,,,,,,
SS1,T2,11,49,3,5.6,0.058,0.08694,0.97875,,,,,,
SS1,T3,11,9,1,1,0.011,0.72585,0.68244,,,,,,
SS1,TND,11,11,1,1.3,0.013,0.63224,0.75807,,,,,,
SS1,GS1,11,12,1,1.4,0.014,0.58632,0.78938,,,,,,
SS1,I2,11,14,2,1.6,0.017,0.80079,0.50161,,,,,,
SS1,O1,11,22,2,2.5,0.026,0.51612,0.77339,,,,,,
SS2,FW1,11,50,6,5.7,0.06,0.68757,0.55942,,,,,,
SS2,FW3,11,16,1,1.8,0.019,0.41753,0.88119,,,,,,
SS2,FWND1,11,29,4,3.3,0.035,0.79743,0.43678,,,,,,
SS2,FWND2,11,45,6,5.2,0.054,0.80573,0.41122,,,,,,
SS2,FWND3,11,38,2,4.4,0.045,0.10995,0.97493,,,,,,
SS2,T1,11,9,2,1,0.011,0.93524,0.27415,,,,,,
SS2,T2,11,49,3,5.6,0.058,0.08694,0.97875,,,,,,
SS2,T3,11,9,2,1,0.011,0.93524,0.27415,,,,,,
SS2,TND,11,11,1,1.3,0.013,0.63224,0.75807,,,,,,
SS2,GS1,11,12,2,1.4,0.014,0.86183,0.41368,,,,,,
SS2,I2,11,14,3,1.6,0.017,0.9479,0.19921,,,,,,
SS2,O1,11,22,2,2.5,0.026,0.51612,0.77339,,,,,,
SS3,FW1,7,50,7,3.6,0.038,1,0.00838,,,,,,
SS3,FW3,7,16,3,1.2,0.012,0.98624,0.08807,,,,,,
SS3,FWND1,7,29,2,2.1,0.022,0.64474,0.68423,,,,,,
SS3,FWND2,7,45,2,3.3,0.034,0.27282,0.92229,,,,,,
SS3,FWND3,7,38,3,2.8,0.029,0.72481,0.57548,,,,,,
SS3,T2,7,49,6,3.6,0.037,0.99279,0.06235,,,,,,
SS3,I2,7,14,1,1,0.011,0.73025,0.68104,,,,,,
SS3,O1,7,22,1,1.6,0.017,0.49291,0.84902,,,,,,
FW1,FW2,50,5,4,2.6,0.027,0.96534,0.20798,,,,,,
FW1,FW3,50,16,9,8.3,0.087,0.73772,0.46478,,,,,,
FW1,FWND1,50,29,11,15.1,0.157,0.0542,0.98004,,,,,,
FW1,FWND2,50,45,26,23.4,0.244,0.89516,0.19932,,,,,,
FW1,FWND3,50,38,26,19.8,0.206,0.99766,0.00821,,,,,,
FW1,FWND4,50,7,2,3.6,0.038,0.18466,0.95622,,,,,,
FW1,FWND,50,6,4,3.1,0.033,0.87773,0.37939,,,,,,
FW1,T1,50,9,4,4.7,0.049,0.44656,0.79692,,,,,,
FW1,T2,50,49,39,25.5,0.266,1,0,,,,,,
FW1,T3,50,9,4,4.7,0.049,0.44656,0.79692,,,,,,
FW1,TND.1,50,3,2,1.6,0.016,0.86282,0.53156,,,,,,
FW1,TND2,50,3,3,1.6,0.016,1,0.13718,,,,,,
FW1,TND4,50,2,1,1,0.011,0.73136,0.77303,,,,,,
FW1,TND,50,11,8,5.7,0.06,0.96481,0.1276,,,,,,
FW1,C1,50,5,1,2.6,0.027,0.15591,0.97757,,,,,,
FW1,C2,50,8,3,4.2,0.043,0.3113,0.89132,,,,,,
FW1,C3,50,5,1,2.6,0.027,0.15591,0.97757,,,,,,
FW1,CND,50,7,3,3.6,0.038,0.45301,0.81534,,,,,,
FW1,GS1,50,12,5,6.2,0.065,0.32144,0.86011,,,,,,
FW1,GS2,50,2,0,1,0.011,0.22697,1,,,,,,
FW1,I1,50,4,3,2.1,0.022,0.93067,0.34073,,,,,,
FW1,I2,50,14,10,7.3,0.076,0.97033,0.09972,,,,,,
FW1,I3,50,8,6,4.2,0.043,0.9613,0.16273,,,,,,
FW1,I4,50,4,3,2.1,0.022,0.93067,0.34073,,,,,,
FW1,O1,50,22,11,11.5,0.119,0.50731,0.67952,,,,,,
FW1,O2,50,4,1,2.1,0.022,0.2776,0.95088,,,,,,
FW1,G1,50,5,2,2.6,0.027,0.46014,0.84409,,,,,,
FW1,G2,50,6,1,3.1,0.033,0.08404,0.9899,,,,,,
FW1,G3,50,3,0,1.6,0.016,0.10624,1,,,,,,
FW1,G4,50,2,1,1,0.011,0.73136,0.77303,,,,,,
FW1,G5,50,2,1,1,0.011,0.73136,0.77303,,,,,,
FW2,FWND1,5,29,1,1.5,0.016,0.52165,0.842,,,,,,
FW2,FWND2,5,45,2,2.3,0.024,0.5597,0.77759,,,,,,
FW2,FWND3,5,38,3,2,0.021,0.92175,0.30639,,,,,,
FW2,T2,5,49,4,2.6,0.027,0.9688,0.19411,,,,,,
FW2,O1,5,22,3,1.1,0.012,0.99071,0.07734,,,,,,
FW3,FWND1,16,29,5,4.8,0.05,0.66234,0.5681,,,,,,
FW3,FWND2,16,45,8,7.5,0.078,0.70882,0.49843,,,,,,
FW3,FWND3,16,38,5,6.3,0.066,0.32477,0.84781,,,,,,
FW3,FWND4,16,7,3,1.2,0.012,0.98624,0.08807,,,,,,
FW3,FWND,16,6,2,1,0.01,0.94378,0.26094,,,,,,
FW3,T1,16,9,1,1.5,0.016,0.53658,0.82114,,,,,,
FW3,T2,16,49,10,8.2,0.085,0.90002,0.23323,,,,,,
FW3,T3,16,9,3,1.5,0.016,0.96039,0.1694,,,,,,
FW3,TND,16,11,1,1.8,0.019,0.41753,0.88119,,,,,,
FW3,C2,16,8,3,1.3,0.014,0.97539,0.12614,,,,,,
FW3,CND,16,7,4,1.2,0.012,0.99879,0.01376,,,,,,
FW3,GS1,16,12,4,2,0.021,0.97346,0.111,,,,,,
FW3,I2,16,14,4,2.3,0.024,0.94628,0.17895,,,,,,
FW3,I3,16,8,4,1.3,0.014,0.9971,0.02461,,,,,,
FW3,O1,16,22,0,3.7,0.038,0.01016,1,,,,,,
FW3,G2,16,6,2,1,0.01,0.94378,0.26094,,,,,,
FWND1,FWND2,29,45,13,13.6,0.142,0.48412,0.6862,,,,,,
FWND1,FWND3,29,38,11,11.5,0.12,0.50631,0.66976,,,,,,
FWND1,FWND4,29,7,3,2.1,0.022,0.87971,0.35526,,,,,,
FWND1,FWND,29,6,2,1.8,0.019,0.74544,0.59024,,,,,,
FWND1,T1,29,9,2,2.7,0.028,0.45119,0.82114,,,,,,
FWND1,T2,29,49,17,14.8,0.154,0.88504,0.22539,,,,,,
FWND1,T3,29,9,6,2.7,0.028,0.99711,0.02044,,,,,,
FWND1,TND,29,11,5,3.3,0.035,0.93182,0.20257,,,,,,
FWND1,C1,29,5,2,1.5,0.016,0.83985,0.47835,,,,,,
FWND1,C2,29,8,4,2.4,0.025,0.94836,0.18893,,,,,,
FWND1,C3,29,5,2,1.5,0.016,0.83985,0.47835,,,,,,
FWND1,CND,29,7,3,2.1,0.022,0.87971,0.35526,,,,,,
FWND1,GS1,29,12,7,3.6,0.038,0.99389,0.03024,,,,,,
FWND1,I1,29,4,0,1.2,0.013,0.23073,1,,,,,,
FWND1,I2,29,14,5,4.2,0.044,0.79115,0.42105,,,,,,
FWND1,I3,29,8,2,2.4,0.025,0.54494,0.76062,,,,,,
FWND1,I4,29,4,2,1.2,0.013,0.91915,0.35107,,,,,,
FWND1,O1,29,22,6,6.6,0.069,0.47707,0.72308,,,,,,
FWND1,O2,29,4,3,1.2,0.013,0.99285,0.08085,,,,,,
FWND1,G1,29,5,2,1.5,0.016,0.83985,0.47835,,,,,,
FWND1,G2,29,6,3,1.8,0.019,0.93426,0.25456,,,,,,
FWND2,FWND3,45,38,16,17.8,0.186,0.29191,0.83321,,,,,,
FWND2,FWND4,45,7,3,3.3,0.034,0.57033,0.72718,,,,,,
FWND2,FWND,45,6,2,2.8,0.029,0.40032,0.86655,,,,,,
FWND2,T1,45,9,7,4.2,0.044,0.99084,0.05379,,,,,,
FWND2,T2,45,49,25,23,0.239,0.84981,0.26564,,,,,,
FWND2,T3,45,9,6,4.2,0.044,0.94621,0.18461,,,,,,
FWND2,TND.1,45,3,2,1.4,0.015,0.90069,0.45269,,,,,,
FWND2,TND2,45,3,2,1.4,0.015,0.90069,0.45269,,,,,,
FWND2,TND,45,11,7,5.2,0.054,0.93433,0.19427,,,,,,
FWND2,C1,45,5,2,2.3,0.024,0.5597,0.77759,,,,,,
FWND2,C2,45,8,3,3.8,0.039,0.42993,0.82145,,,,,,
FWND2,C3,45,5,2,2.3,0.024,0.5597,0.77759,,,,,,
FWND2,CND,45,7,2,3.3,0.034,0.27282,0.92229,,,,,,
FWND2,GS1,45,12,6,5.6,0.059,0.70619,0.52864,,,,,,
FWND2,I1,45,4,3,1.9,0.02,0.95515,0.2627,,,,,,
FWND2,I2,45,14,8,6.6,0.068,0.86917,0.29306,,,,,,
FWND2,I3,45,8,5,3.8,0.039,0.9026,0.28927,,,,,,
FWND2,I4,45,4,2,1.9,0.02,0.7373,0.64267,,,,,,
FWND2,O1,45,22,13,10.3,0.107,0.93967,0.1436,,,,,,
FWND2,O2,45,4,2,1.9,0.02,0.7373,0.64267,,,,,,
FWND2,G1,45,5,1,2.3,0.024,0.22241,0.96157,,,,,,
FWND2,G2,45,6,2,2.8,0.029,0.40032,0.86655,,,,,,
FWND2,G3,45,3,1,1.4,0.015,0.54731,0.85425,,,,,,
FWND3,FWND4,38,7,1,2.8,0.029,0.15427,0.97477,,,,,,
FWND3,FWND,38,6,4,2.4,0.025,0.96562,0.166,,,,,,
FWND3,T1,38,9,3,3.6,0.037,0.49078,0.77258,,,,,,
FWND3,T2,38,49,26,19.4,0.202,0.99862,0.00516,,,,,,
FWND3,T3,38,9,6,3.6,0.037,0.9816,0.0841,,,,,,
FWND3,TND.1,38,3,1,1.2,0.012,0.65559,0.78404,,,,,,
FWND3,TND2,38,3,2,1.2,0.012,0.94096,0.34441,,,,,,
FWND3,TND,38,11,9,4.4,0.045,0.99968,0.00338,,,,,,
FWND3,C1,38,5,3,2,0.021,0.92175,0.30639,,,,,,
FWND3,C2,38,8,4,3.2,0.033,0.8429,0.39328,,,,,,
FWND3,C3,38,5,1,2,0.021,0.33873,0.92504,,,,,,
FWND3,CND,38,7,2,2.8,0.029,0.42452,0.84573,,,,,,
FWND3,GS1,38,12,7,4.8,0.049,0.95737,0.13521,,,,,,
FWND3,I1,38,4,3,1.6,0.016,0.97778,0.16951,,,,,,
FWND3,I2,38,14,3,5.5,0.058,0.1119,0.96837,,,,,,
FWND3,I3,38,8,4,3.2,0.033,0.8429,0.39328,,,,,,
FWND3,I4,38,4,1,1.6,0.016,0.48068,0.87228,,,,,,
FWND3,O1,38,22,9,8.7,0.091,0.65554,0.53732,,,,,,
FWND3,O2,38,4,2,1.6,0.016,0.83049,0.51932,,,,,,
FWND3,G1,38,5,4,2,0.021,0.99179,0.07825,,,,,,
FWND3,G2,38,6,2,2.4,0.025,0.55322,0.76852,,,,,,
FWND3,G3,38,3,1,1.2,0.012,0.65559,0.78404,,,,,,
FWND4,T2,7,49,4,3.6,0.037,0.76471,0.52353,,,,,,
FWND4,I2,7,14,2,1,0.011,0.93857,0.26975,,,,,,
FWND4,O1,7,22,2,1.6,0.017,0.80511,0.50709,,,,,,
FWND,T2,6,49,4,3.1,0.032,0.88824,0.35882,,,,,,
FWND,O1,6,22,2,1.4,0.014,0.86882,0.41789,,,,,,
T1,T2,9,49,3,4.6,0.048,0.22256,0.93002,,,,,,
T1,TND,9,11,0,1,0.011,0.31756,1,,,,,,
T1,GS1,9,12,2,1.1,0.012,0.91799,0.31257,,,,,,
T1,I2,9,14,2,1.3,0.014,0.87771,0.38912,,,,,,
T1,O1,9,22,3,2.1,0.021,0.88164,0.3384,,,,,,
T2,T3,49,9,6,4.6,0.048,0.91045,0.26444,,,,,,
T2,TND.1,49,3,3,1.5,0.016,1,0.12895,,,,,,
T2,TND2,49,3,2,1.5,0.016,0.87105,0.51579,,,,,,
T2,TND4,49,2,2,1,0.011,1,0.25789,,,,,,
T2,TND,49,11,7,5.6,0.058,0.88719,0.28655,,,,,,
T2,C1,49,5,2,2.6,0.027,0.48005,0.83192,,,,,,
T2,C2,49,8,5,4.1,0.043,0.85215,0.38103,,,,,,
T2,C3,49,5,1,2.6,0.027,0.16808,0.9749,,,,,,
T2,CND,49,7,2,3.6,0.037,0.20076,0.95058,,,,,,
T2,GS1,49,12,8,6.1,0.064,0.93011,0.19866,,,,,,
T2,GS2,49,2,0,1,0.011,0.23706,1,,,,,,
T2,I1,49,4,2,2,0.021,0.67555,0.70713,,,,,,
T2,I2,49,14,10,7.1,0.074,0.97555,0.08571,,,,,,
T2,I3,49,8,7,4.1,0.043,0.9966,0.03385,,,,,,
T2,I4,49,4,4,2,0.021,1,0.06378,,,,,,
T2,O1,49,22,10,11.2,0.117,0.36158,0.79941,,,,,,
T2,O2,49,4,3,2,0.021,0.93622,0.32445,,,,,,
T2,G1,49,5,3,2.6,0.027,0.80589,0.51995,,,,,,
T2,G2,49,6,2,3.1,0.032,0.31892,0.90734,,,,,,
T2,G3,49,3,0,1.5,0.016,0.11349,1,,,,,,
T2,G4,49,2,1,1,0.011,0.74211,0.76294,,,,,,
T2,G5,49,2,1,1,0.011,0.74211,0.76294,,,,,,
T3,TND,9,11,2,1,0.011,0.93524,0.27415,,,,,,
T3,GS1,9,12,5,1.1,0.012,0.99993,0.00125,,,,,,
T3,I2,9,14,1,1.3,0.014,0.61088,0.77397,,,,,,
T3,O1,9,22,0,2.1,0.021,0.08525,1,,,,,,
TND,GS1,11,12,1,1.4,0.014,0.58632,0.78938,,,,,,
TND,I2,11,14,0,1.6,0.017,0.15878,1,,,,,,
TND,O1,11,22,4,2.5,0.026,0.92858,0.22069,,,,,,
C1,O1,5,22,0,1.1,0.012,0.26354,1,,,,,,
C2,GS1,8,12,6,1,0.01,1,2.00E-05,,,,,,
C2,I2,8,14,3,1.2,0.012,0.98538,0.08952,,,,,,
C2,O1,8,22,2,1.8,0.019,0.73495,0.58777,,,,,,
C3,O1,5,22,0,1.1,0.012,0.26354,1,,,,,,
CND,I2,7,14,1,1,0.011,0.73025,0.68104,,,,,,
CND,O1,7,22,2,1.6,0.017,0.80511,0.50709,,,,,,
GS1,I2,12,14,3,1.8,0.018,0.92886,0.2419,,,,,,
GS1,I3,12,8,1,1,0.01,0.73866,0.67123,,,,,,
GS1,O1,12,22,2,2.8,0.029,0.448,0.81766,,,,,,
I2,I3,14,8,3,1.2,0.012,0.98538,0.08952,,,,,,
I2,O1,14,22,2,3.2,0.033,0.32711,0.88473,,,,,,
I3,O1,8,22,1,1.8,0.019,0.41223,0.88634,,,,,,
O1,G1,22,5,4,1.1,0.012,0.99957,0.00929,,,,,,
O1,G2,22,6,0,1.4,0.014,0.19983,1,,,,,,
